user_input,retrieved_contexts,response,reference,faithfulness,answer_relevancy,context_precision,context_recall
Công ty ABC Việt Nam được thành lập khi nào?,"['[\'Đoạn văn nằm ở phần đầu của tài liệu ""BCTC.md"" và nói về thông tin chung về Công ty Cổ phần Công nghệ ABC Việt Nam trong báo cáo tài chính năm 2023.\\n\\n# BÁO CÁO TÀI CHÍNH NĂM 2023\\n\\n## Thông tin chung về công ty\\n\\nCông ty Cổ phần Công nghệ ABC Việt Nam (sau đây gọi tắt là ""Công ty"") được thành lập theo Giấy chứng nhận đăng ký doanh nghiệp số 0312345678 do Sở Kế hoạch và Đầu tư Thành phố Hồ Chí Minh cấp ngà\', \'Đoạn văn nằm ở phần giới thiệu công ty trong tài liệu BCTC.md và nói về thông tin cơ bản của công ty, bao gồm địa chỉ, lĩnh vực hoạt động và vốn điều lệ.\\n\\ny 15 tháng 03 năm 2015.\\n\\nĐịa chỉ trụ sở chính: Tầng 10, Tòa nhà Bitexco Financial Tower, 2 Hải Triều, Quận 1, TP. Hồ Chí Minh.\\n\\nLĩnh vực hoạt động chính: Phát triển phần mềm, cung cấp dịch vụ công nghệ thông tin, tư vấn chuyển đổi số.\\n\\nVốn điều lệ: 150.000\', \'Đoạn văn nằm trong phần ""Ý kiến kiểm toán"" của tài liệu BCTC.md và nói về các chỉ số tài chính của Công ty Cổ phần Công nghệ ABC Việt Nam.\\n\\nck Ratio): 1,72 lần\\n\\nVòng quay phải thu khách hàng: 8,1 lần/năm (45 ngày)\\n\\nDoanh thu trên mỗi nhân viên: 336.000.000 đồng/người/năm\\n\\n---\\n\\n## Ý kiến kiểm toán\\n\\nBáo cáo tài chính năm 2023 của Công ty Cổ phần Công nghệ ABC Việt Nam đã được kiểm toán bởi Công\']']",Công ty Cổ phần Công nghệ ABC Việt Nam được thành lập vào ngày 15 tháng 03 năm 2015.,Công ty Cổ phần Công nghệ ABC Việt Nam được thành lập theo Giấy chứng nhận đăng ký doanh nghiệp số 0312345678 do Sở Kế hoạch và Đầu tư Thành phố Hồ Chí Minh cấp ngày 15 tháng 03 năm 2015.,1.0,0.9375067222759688,0.9999999999,1.0
"Can you provide details about the location of the headquarters of Công ty Cổ phần Công nghệ ABC Việt Nam, specifically mentioning the Tòa nhà Bitexco Financial Tower?","['[\'Đoạn văn nằm ở phần giới thiệu công ty trong tài liệu BCTC.md và nói về thông tin cơ bản của công ty, bao gồm địa chỉ, lĩnh vực hoạt động và vốn điều lệ.\\n\\ny 15 tháng 03 năm 2015.\\n\\nĐịa chỉ trụ sở chính: Tầng 10, Tòa nhà Bitexco Financial Tower, 2 Hải Triều, Quận 1, TP. Hồ Chí Minh.\\n\\nLĩnh vực hoạt động chính: Phát triển phần mềm, cung cấp dịch vụ công nghệ thông tin, tư vấn chuyển đổi số.\\n\\nVốn điều lệ: 150.000\', \'Đoạn văn nằm ở phần đầu của tài liệu ""BCTC.md"" và nói về thông tin chung về Công ty Cổ phần Công nghệ ABC Việt Nam trong báo cáo tài chính năm 2023.\\n\\n# BÁO CÁO TÀI CHÍNH NĂM 2023\\n\\n## Thông tin chung về công ty\\n\\nCông ty Cổ phần Công nghệ ABC Việt Nam (sau đây gọi tắt là ""Công ty"") được thành lập theo Giấy chứng nhận đăng ký doanh nghiệp số 0312345678 do Sở Kế hoạch và Đầu tư Thành phố Hồ Chí Minh cấp ngà\', \'Đoạn văn nằm trong phần ""Ý kiến kiểm toán"" của tài liệu BCTC.md và nói về các chỉ số tài chính của Công ty Cổ phần Công nghệ ABC Việt Nam.\\n\\nck Ratio): 1,72 lần\\n\\nVòng quay phải thu khách hàng: 8,1 lần/năm (45 ngày)\\n\\nDoanh thu trên mỗi nhân viên: 336.000.000 đồng/người/năm\\n\\n---\\n\\n## Ý kiến kiểm toán\\n\\nBáo cáo tài chính năm 2023 của Công ty Cổ phần Công nghệ ABC Việt Nam đã được kiểm toán bởi Công\']']","Địa chỉ trụ sở chính của Công ty Cổ phần Công nghệ ABC Việt Nam là Tầng 10, Tòa nhà Bitexco Financial Tower, 2 Hải Triều, Quận 1, TP. Hồ Chí Minh.","The headquarters of Công ty Cổ phần Công nghệ ABC Việt Nam is located on the 10th floor of Tòa nhà Bitexco Financial Tower, situated at 2 Hải Triều, Quận 1, TP. Hồ Chí Minh.",1.0,0.9081920850667355,0.9999999999,1.0
What accounting standards are used in financial reporting in Việt Nam?,"['[\'Đoạn văn nằm trong phần ""Thuyết minh báo cáo tài chính"" của tài liệu BCTC.md và nói về chính sách kế toán trọng yếu liên quan đến báo cáo tài chính.\\n\\nvà tương đương tiền cuối kỳ: 45.230.000.000 đồng**\\n\\n---\\n\\n## Thuyết minh báo cáo tài chính\\n\\n### Chính sách kế toán trọng yếu\\n\\nBáo cáo tài chính được lập theo Chuẩn mực Kế toán Việt Nam (VAS) và các quy định của pháp luật Việt Nam có liên quan.\\n\\nĐơn vị tiền\', \'Đoạn văn nằm ở phần cuối của tài liệu BCTC.md và nói về thông tin của kiểm toán viên trong báo cáo tài chính.\\n\\nmực Kế toán Việt Nam.\\n\\nKiểm toán viên: Nguyễn Văn An, Chứng chỉ Kiểm toán viên số 2345/KTV.\\n\\nNgày ký báo cáo kiểm toán: 28 tháng 02 năm 2024.\', \'Đoạn văn này nằm trong phần báo cáo tài chính của tài liệu BCTC.md và nói về các quy định liên quan đến đơn vị tiền tệ, phương pháp xác định hàng tồn kho và khấu hao tài sản cố định.\\n\\ntệ sử dụng trong báo cáo tài chính là Đồng Việt Nam (VND).\\n\\nHàng tồn kho được xác định theo phương pháp bình quân gia quyền.\\n\\nTài sản cố định hữu hình được khấu hao theo phương pháp đường thẳng. Thời gian khấu hao: máy móc thiết bị 3-5 năm, phương tiện vậ\']']",Báo cáo tài chính được lập theo Chuẩn mực Kế toán Việt Nam (VAS) và các quy định của pháp luật Việt Nam có liên quan.,Financial reports are prepared according to the Vietnamese Accounting Standards (VAS) and relevant legal regulations of Việt Nam.,1.0,0.8751031256386694,0.9999999999,1.0
"What are the key financial indicators for Tập đoàn Công nghệ XYZ International in 2023, and how do they reflect the company's performance?","['[\'Đoạn văn này nằm trong phần ""Chi phí lương và phúc lợi"" của tài liệu BCTC.md, nói về chi phí lương và số lượng nhân viên trong năm 2023.\\n\\nà hành chính: 150 người\\n\\nChi phí lương và phúc lợi năm 2023: 82.500.000.000 đồng\\n\\nLương bình quân: 8.100.000 đồng/người/tháng\\n\\n### Giao dịch với các bên liên quan\\n\\nCông ty mẹ: Tập đoàn Công nghệ XYZ International (Singapore), sở hữu 51% vốn điều lệ.\\n\\nDoanh\', \'Đoạn văn nằm trong phần ""Chỉ số tài chính quan trọng năm 2023"" của tài liệu BCTC.md và nói về rủi ro thanh khoản của công ty.\\n\\nRủi ro thanh khoản: Công ty duy trì tỷ lệ thanh khoản hiện hành (current ratio) ở mức 1,91 lần, đảm bảo khả năng thanh toán ngắn hạn.\\n\\n---\\n\\n## Chỉ số tài chính quan trọng năm 2023\\n\\nTỷ lệ lợi nhuận gộp (Gross Profit Margin): 30,5%\\n\\nTỷ lệ lợi nhuận ròng (Net\', \'Đoạn văn nằm trong phần ""Báo cáo lưu chuyển tiền tệ năm 2023"" của tài liệu BCTC.md và nói về các chỉ số tài chính của doanh nghiệp.\\n\\nsau thuế thu nhập doanh nghiệp: 7.800.000.000 đồng**\\n\\nLãi cơ bản trên cổ phiếu (EPS): 520 đồng/cổ phiếu\\n\\n---\\n\\n## Báo cáo lưu chuyển tiền tệ năm 2023\\n\\n### Lưu chuyển tiền từ hoạt động kinh doanh\\n\\nLợi nhuận trước thuế: 9.750.000.000 đồng\\n\\nĐiều chỉnh cho các\']']",Không tìm thấy thông tin trong tài liệu.,"In 2023, Tập đoàn Công nghệ XYZ International reported several key financial indicators that reflect its performance. The gross profit margin was 30.5%, indicating a healthy profitability from its core operations. The net profit margin stood at 2.7%, which shows the company's ability to convert revenue into actual profit after expenses. The return on assets (ROA) was 3.3%, suggesting efficient use of assets to generate earnings, while the return on equity (ROE) was 5.2%, reflecting the return generated on shareholders' equity. Additionally, the debt-to-equity ratio (D/E ratio) was 0.59, indicating a balanced approach to leveraging debt. The current ratio was 1.91, demonstrating the company's strong liquidity position to meet short-term obligations, and the quick ratio was 1.72, further confirming its ability to cover immediate liabilities. Lastly, the accounts receivable turnover was 8.1 times per year, equating to an average collection period of 45 days, which highlights effective credit management. Overall, these indicators suggest that Tập đoàn Công nghệ XYZ International is maintaining a solid financial position in 2023.",0.0,0.0,0.9999999999,0.3
Báo cáo tài chính của công ty phản ánh tình hình tài chính tại ngày 31/12/2023 như thế nào?,"['[\'Đoạn văn nằm trong phần báo cáo tài chính của tài liệu BCTC.md và nói về ý kiến của kiểm toán viên về tính trung thực và hợp lý của báo cáo tài chính của Công ty tại ngày 31/12/2023.\\n\\nty TNHH Kiểm toán và Tư vấn A&C.\\n\\nTheo ý kiến của kiểm toán viên, báo cáo tài chính phản ánh trung thực và hợp lý tình hình tài chính của Công ty tại ngày 31/12/2023 và kết quả hoạt động kinh doanh trong năm tài chính kết thúc cùng ngày, phù hợp với Chuẩn\', \'Đoạn văn nằm trong phần ""Bảng cân đối kế toán tại ngày 31/12/2023"" của tài liệu BCTC.md và nói về tài sản ngắn hạn của công ty.\\n\\n.000.000 đồng (Một trăm năm mươi tỷ đồng).\\n\\n---\\n\\n## Bảng cân đối kế toán tại ngày 31/12/2023\\n\\n### TÀI SẢN\\n\\n#### A. TÀI SẢN NGẮN HẠN\\n\\nTiền và các khoản tương đương tiền: 45.230.000.000 đồng\\n\\nĐầu tư tài chính ngắn hạn: 20.000.000.000 đồng\\n\\nCác khoản phải thu\', \'Đoạn văn nằm trong phần ""Ý kiến kiểm toán"" của tài liệu BCTC.md và nói về các chỉ số tài chính của Công ty Cổ phần Công nghệ ABC Việt Nam.\\n\\nck Ratio): 1,72 lần\\n\\nVòng quay phải thu khách hàng: 8,1 lần/năm (45 ngày)\\n\\nDoanh thu trên mỗi nhân viên: 336.000.000 đồng/người/năm\\n\\n---\\n\\n## Ý kiến kiểm toán\\n\\nBáo cáo tài chính năm 2023 của Công ty Cổ phần Công nghệ ABC Việt Nam đã được kiểm toán bởi Công\']']",Báo cáo tài chính của công ty phản ánh trung thực và hợp lý tình hình tài chính tại ngày 31/12/2023.,"Báo cáo tài chính phản ánh trung thực và hợp lý tình hình tài chính của Công ty tại ngày 31/12/2023 và kết quả hoạt động kinh doanh trong năm tài chính kết thúc cùng ngày, phù hợp với Chuẩn mực Kế toán Việt Nam.",1.0,0.8733354808601759,0.9999999999,1.0
Ai là kiểm toán viên trong báo cáo tài chính của Công ty?,"['[\'Đoạn văn nằm ở phần cuối của tài liệu BCTC.md và nói về thông tin của kiểm toán viên trong báo cáo tài chính.\\n\\nmực Kế toán Việt Nam.\\n\\nKiểm toán viên: Nguyễn Văn An, Chứng chỉ Kiểm toán viên số 2345/KTV.\\n\\nNgày ký báo cáo kiểm toán: 28 tháng 02 năm 2024.\', \'Đoạn văn nằm trong phần báo cáo tài chính của tài liệu BCTC.md và nói về ý kiến của kiểm toán viên về tính trung thực và hợp lý của báo cáo tài chính của Công ty tại ngày 31/12/2023.\\n\\nty TNHH Kiểm toán và Tư vấn A&C.\\n\\nTheo ý kiến của kiểm toán viên, báo cáo tài chính phản ánh trung thực và hợp lý tình hình tài chính của Công ty tại ngày 31/12/2023 và kết quả hoạt động kinh doanh trong năm tài chính kết thúc cùng ngày, phù hợp với Chuẩn\', \'Đoạn văn nằm trong phần ""Ý kiến kiểm toán"" của tài liệu BCTC.md và nói về các chỉ số tài chính của Công ty Cổ phần Công nghệ ABC Việt Nam.\\n\\nck Ratio): 1,72 lần\\n\\nVòng quay phải thu khách hàng: 8,1 lần/năm (45 ngày)\\n\\nDoanh thu trên mỗi nhân viên: 336.000.000 đồng/người/năm\\n\\n---\\n\\n## Ý kiến kiểm toán\\n\\nBáo cáo tài chính năm 2023 của Công ty Cổ phần Công nghệ ABC Việt Nam đã được kiểm toán bởi Công\']']","Kiểm toán viên trong báo cáo tài chính của Công ty là Nguyễn Văn An, với chứng chỉ kiểm toán viên số 2345/KTV.","Kiểm toán viên trong báo cáo tài chính của Công ty là Nguyễn Văn An, với Chứng chỉ Kiểm toán viên số 2345/KTV.",1.0,0.8276165364163741,0.9999999999,1.0
"Nghị định này có áp dụng cho cơ quan, tổ chức, cá nhân nào ở Việt Nam không?","['[\'Đoạn văn này nằm trong phần ""Điều 2. Đối tượng áp dụng"" của tài liệu Nghị định số 13/2023 về bảo vệ dữ liệu cá nhân, nói về đối tượng áp dụng của nghị định.\\n\\ntổ chức, cá nhân có liên quan.\\n\\n### Điều 2. Đối tượng áp dụng\\n\\nNghị định này áp dụng đối với:\\n\\n1. Cơ quan, tổ chức, cá nhân Việt Nam.\\n2. Cơ quan, tổ chức, cá nhân nước ngoài trực tiếp tham gia hoặc có liên quan đến hoạt động xử lý dữ liệu cá nhân tại Việt\', \'Đoạn văn nằm trong Chương VI: Xử lý vi phạm của tài liệu Nghị định số 13/2023 về bảo vệ dữ liệu cá nhân, nói về việc xử lý dữ liệu cá nhân nhạy cảm của các cơ quan, tổ chức.\\n\\nCơ quan, tổ chức xử lý dữ liệu cá nhân nhạy cảm theo quy mô lớn.\\n\\nCơ quan nhà nước ở trung ương và địa phương.\\n\\n---\\n\\n## Chương VI: Xử lý vi phạm\\n\\n### Điều 30. Vi phạm và chế tài\', \'Đoạn văn này nằm trong tài liệu Nghị định số 13/2023 về bảo vệ dữ liệu cá nhân và nói về các hành động liên quan đến việc quản lý dữ liệu cá nhân.\\n\\nchỉnh sửa, công khai, kết hợp, truy cập, truy xuất, thu hồi, mã hóa, giải mã, sao chép, chia sẻ, truyền đưa, cung cấp, chuyển giao, xóa, hủy dữ liệu cá nhân hoặc các hành động khác có liên quan.\\n\\n**Bên Kiểm soát dữ liệu cá nhân** là tổ chức, cá nhân quyết\']']","Có, Nghị định này áp dụng cho cơ quan, tổ chức, cá nhân Việt Nam.","Nghị định này áp dụng đối với cơ quan, tổ chức, cá nhân Việt Nam và cả cơ quan, tổ chức, cá nhân nước ngoài trực tiếp tham gia hoặc có liên quan đến hoạt động xử lý dữ liệu cá nhân tại Việt Nam.",1.0,0.8050131028204113,0.9999999999,1.0
"Cơ quan, tổ chức, cá nhân nào ở Việt Nam phải tuân thủ quy định về bảo vệ dữ liệu cá nhân?","['[\'Đoạn văn này nằm trong phần ""Điều 2. Đối tượng áp dụng"" của tài liệu Nghị định số 13/2023 về bảo vệ dữ liệu cá nhân, nói về đối tượng áp dụng của nghị định.\\n\\ntổ chức, cá nhân có liên quan.\\n\\n### Điều 2. Đối tượng áp dụng\\n\\nNghị định này áp dụng đối với:\\n\\n1. Cơ quan, tổ chức, cá nhân Việt Nam.\\n2. Cơ quan, tổ chức, cá nhân nước ngoài trực tiếp tham gia hoặc có liên quan đến hoạt động xử lý dữ liệu cá nhân tại Việt\', \'Đoạn văn nằm trong Chương VI: Xử lý vi phạm của tài liệu Nghị định số 13/2023 về bảo vệ dữ liệu cá nhân, nói về việc xử lý dữ liệu cá nhân nhạy cảm của các cơ quan, tổ chức.\\n\\nCơ quan, tổ chức xử lý dữ liệu cá nhân nhạy cảm theo quy mô lớn.\\n\\nCơ quan nhà nước ở trung ương và địa phương.\\n\\n---\\n\\n## Chương VI: Xử lý vi phạm\\n\\n### Điều 30. Vi phạm và chế tài\', \'Đoạn văn nằm trong phần Điều 28 của tài liệu Nghị định số 13/2023, nói về yêu cầu có nhân viên bảo vệ dữ liệu cá nhân đối với các tổ chức xử lý dữ liệu lớn.\\n\\nlập tức.\\n\\n### Điều 28. Nhân viên bảo vệ dữ liệu cá nhân\\n\\nCác tổ chức sau phải có nhân viên bảo vệ dữ liệu cá nhân hoặc bộ phận chuyên trách bảo vệ dữ liệu cá nhân:\\n\\nCơ quan, tổ chức xử lý dữ liệu cá nhân của từ 1 triệu chủ thể dữ liệu trở lên mỗi tháng.\']']","Cơ quan, tổ chức, cá nhân Việt Nam phải tuân thủ quy định về bảo vệ dữ liệu cá nhân.","Nghị định này áp dụng đối với cơ quan, tổ chức, cá nhân Việt Nam và cơ quan, tổ chức, cá nhân nước ngoài trực tiếp tham gia hoặc có liên quan đến hoạt động xử lý dữ liệu cá nhân tại Việt Nam.",1.0,0.9065963758080557,0.9999999999,1.0
Sự đồng ý là gì trong bối cảnh xử lý dữ liệu cá nhân?,"['[\'Đoạn văn nằm trong Chương II của tài liệu ""Nghi_dinh_so_13-2023_ve_bao_ve_du_lieu_ca_nhan"" và nói về sự đồng ý của chủ thể dữ liệu trong việc xử lý dữ liệu cá nhân.\\n\\nliệu** là cá nhân được dữ liệu cá nhân phản ánh.\\n\\n**Sự đồng ý** của chủ thể dữ liệu là sự thể hiện rõ ràng, tự nguyện, cụ thể, có thông tin và không mơ hồ của chủ thể dữ liệu về việc cho phép xử lý dữ liệu cá nhân của họ.\\n\\n---\\n\\n## Chương II: Quyền và nghĩ\', \'Đoạn văn nằm trong tài liệu ""Nghi_dinh_so_13-2023_ve_bao_ve_du_lieu_ca_nhan_508ee.md"" và nói về các điều kiện cần có để sự đồng ý trong bảo vệ dữ liệu cá nhân được xem là hợp lệ.\\n\\nsoát dữ liệu. Đây còn gọi là quyền được lãng quên.\\n\\nSự đồng ý trong bảo vệ dữ liệu cá nhân cần đáp ứng điều kiện gì? Sự đồng ý phải rõ ràng, tự nguyện, cụ thể, có thông tin và không mơ hồ. Chủ thể dữ liệu phải được thông báo đầy đủ về mục đích xử lý trước\', \'Đoạn văn nằm trong tài liệu ""Nghi_dinh_so_13-2023_ve_bao_ve_du_lieu_ca_nhan_508ee.md"" và nói về quyền của chủ thể dữ liệu liên quan đến việc đồng ý và truy cập dữ liệu cá nhân.\\n\\n**Quyền đồng ý**: Chủ thể dữ liệu được đồng ý hoặc không đồng ý cho phép xử lý dữ liệu cá nhân của mình, trừ trường hợp quy định tại Điều 17 Nghị định này.\\n\\n**Quyền truy cập**: Chủ thể dữ liệu được truy cập để xem, chỉnh sửa hoặc yêu cầu chỉnh sửa dữ liệu\']']","Sự đồng ý trong bối cảnh xử lý dữ liệu cá nhân là sự thể hiện rõ ràng, tự nguyện, cụ thể, có thông tin và không mơ hồ của chủ thể dữ liệu về việc cho phép xử lý dữ liệu cá nhân của họ.","Sự đồng ý của chủ thể dữ liệu là sự thể hiện rõ ràng, tự nguyện, cụ thể, có thông tin và không mơ hồ của chủ thể dữ liệu về việc cho phép xử lý dữ liệu cá nhân của họ.",1.0,0.8223038483429217,0.9999999999,1.0
Bên Xử lý dữ liệu cá nhân là gì và vai trò của nó trong việc xử lý dữ liệu?,"['[\'Đoạn văn này nằm trong tài liệu ""Nghi_dinh_so_13-2023_ve_bao_ve_du_lieu_ca_nhan_508ee.md"" và nói về định nghĩa và vai trò của Bên Xử lý dữ liệu cá nhân trong việc bảo vệ dữ liệu cá nhân.\\n\\nđịnh mục đích và phương tiện xử lý dữ liệu cá nhân.\\n\\n**Bên Xử lý dữ liệu cá nhân** là tổ chức, cá nhân thực hiện việc xử lý dữ liệu thay mặt cho Bên Kiểm soát dữ liệu, thông qua một hợp đồng hoặc thỏa thuận với Bên Kiểm soát dữ liệu cá nhân.\\n\\n**Chủ thể dữ\', \'Đoạn văn này nằm trong tài liệu ""Nghi_dinh_so_13-2023_ve_bao_ve_du_lieu_ca_nhan_508ee.md"" và nói về quyền quyết định của cá nhân trong việc xử lý dữ liệu cá nhân.\\n\\ná nhân quyết định mục đích và phương tiện xử lý dữ liệu. Bên Xử lý dữ liệu là tổ chức, cá nhân thực hiện việc xử lý dữ liệu thay mặt cho Bên Kiểm soát thông qua hợp đồng hoặc thỏa thuận.\', \'Đoạn văn này nằm trong tài liệu ""Nghi_dinh_so_13-2023_ve_bao_ve_du_lieu_ca_nhan_508ee.md"" và nói về các điều khoản liên quan đến việc bảo vệ dữ liệu cá nhân và quyền lợi hợp pháp trong việc xử lý dữ liệu.\\n\\no vệ tính mạng, sức khỏe của chủ thể dữ liệu hoặc người khác.\\n\\nĐáp ứng yêu cầu của nhiệm vụ thực hiện vì lợi ích công cộng, hoặc thực hiện quyền hạn nhà nước được giao.\\n\\nPhục vụ hoạt động của Bên Kiểm soát dữ liệu cá nhân vì lợi ích hợp pháp, trừ trường hợ\']']","Bên Xử lý dữ liệu cá nhân là tổ chức, cá nhân thực hiện việc xử lý dữ liệu thay mặt cho Bên Kiểm soát dữ liệu, thông qua một hợp đồng hoặc thỏa thuận. Vai trò của nó là thực hiện việc xử lý dữ liệu theo chỉ định của Bên Kiểm soát, đảm bảo tuân thủ các quy định về bảo vệ dữ liệu cá nhân.","Bên Xử lý dữ liệu cá nhân là tổ chức, cá nhân thực hiện việc xử lý dữ liệu thay mặt cho Bên Kiểm soát dữ liệu, thông qua một hợp đồng hoặc thỏa thuận với Bên Kiểm soát dữ liệu cá nhân.",0.8,0.9665450694665033,0.9999999999,1.0
Bên Kiểm soát dữ liệu cá nhân có nghĩa vụ gì đối với chủ thể dữ liệu?,"['[\'Đoạn văn này nằm trong tài liệu ""Nghi_dinh_so_13-2023_ve_bao_ve_du_lieu_ca_nhan_508ee.md"" và nói về các điều khoản liên quan đến việc bảo vệ dữ liệu cá nhân và quyền lợi hợp pháp trong việc xử lý dữ liệu.\\n\\no vệ tính mạng, sức khỏe của chủ thể dữ liệu hoặc người khác.\\n\\nĐáp ứng yêu cầu của nhiệm vụ thực hiện vì lợi ích công cộng, hoặc thực hiện quyền hạn nhà nước được giao.\\n\\nPhục vụ hoạt động của Bên Kiểm soát dữ liệu cá nhân vì lợi ích hợp pháp, trừ trường hợ\', \'Đoạn văn nằm trong Chương V của tài liệu ""Nghi_dinh_so_13-2023_ve_bao_ve_du_lieu_ca_nhan"" và nói về trách nhiệm của Bên Kiểm soát dữ liệu cá nhân trong việc bảo vệ dữ liệu cá nhân.\\n\\ndữ liệu cá nhân.\\n\\n---\\n\\n## Chương V: Trách nhiệm bảo vệ dữ liệu cá nhân\\n\\n### Điều 26. Trách nhiệm của Bên Kiểm soát dữ liệu cá nhân\\n\\nBên Kiểm soát dữ liệu cá nhân có trách nhiệm thực hiện các quy định tại Nghị định này và pháp luật có liên quan đến bảo vệ d\', \'Đoạn văn này nằm trong tài liệu ""Nghi_dinh_so_13-2023_ve_bao_ve_du_lieu_ca_nhan_508ee.md"" và nói về các căn cứ để xử lý dữ liệu cá nhân theo quy định của nghị định.\\n\\nthực hiện khi có một trong các căn cứ sau:\\n\\nChủ thể dữ liệu đồng ý xử lý dữ liệu cá nhân của mình.\\n\\nThực hiện hợp đồng của chủ thể dữ liệu với tổ chức, cá nhân có liên quan.\\n\\nBên Kiểm soát dữ liệu cá nhân thực hiện nghĩa vụ theo quy định của pháp luật.\\n\\nBả\']']",Bên Kiểm soát dữ liệu cá nhân có trách nhiệm thực hiện các quy định tại Nghị định này và pháp luật có liên quan đến bảo vệ dữ liệu cá nhân.,"Bên Kiểm soát dữ liệu cá nhân có nghĩa vụ bảo vệ dữ liệu cá nhân của chủ thể dữ liệu và tôn trọng quyền của họ, bao gồm việc cung cấp đầy đủ và chính xác thông tin liên quan đến hoạt động xử lý dữ liệu cá nhân.",1.0,0.7758139986235011,0.9999999999,0.5
Nghị định quy định những quyền gì của chủ thể dữ liệu?,"['[\'Đoạn văn nằm trong tài liệu ""Nghi_dinh_so_13-2023_ve_bao_ve_du_lieu_ca_nhan_508ee.md"" và nói về quyền của chủ thể dữ liệu liên quan đến việc đồng ý và truy cập dữ liệu cá nhân.\\n\\n**Quyền đồng ý**: Chủ thể dữ liệu được đồng ý hoặc không đồng ý cho phép xử lý dữ liệu cá nhân của mình, trừ trường hợp quy định tại Điều 17 Nghị định này.\\n\\n**Quyền truy cập**: Chủ thể dữ liệu được truy cập để xem, chỉnh sửa hoặc yêu cầu chỉnh sửa dữ liệu\', \'Đoạn văn nằm trong phần ""Điều 9. Quyền của chủ thể dữ liệu"" của tài liệu Nghị định số 13/2023 về bảo vệ dữ liệu cá nhân, nói về quyền được biết của chủ thể dữ liệu.\\n\\na vụ của chủ thể dữ liệu\\n\\n### Điều 9. Quyền của chủ thể dữ liệu\\n\\nChủ thể dữ liệu được bảo đảm các quyền sau:\\n\\n**Quyền được biết**: Chủ thể dữ liệu được biết về hoạt động xử lý dữ liệu cá nhân của mình, trừ trường hợp luật có quy định khác.\', \'Đoạn văn này nằm trong tài liệu ""Nghi_dinh_so_13-2023_ve_bao_ve_du_lieu_ca_nhan_508ee.md"" và nói về quyền của chủ thể dữ liệu trong việc yêu cầu và phản đối xử lý dữ liệu cá nhân.\\n\\n*: Chủ thể dữ liệu được yêu cầu Bên Kiểm soát dữ liệu cá nhân cung cấp cho mình dữ liệu cá nhân của mình, trừ trường hợp luật có quy định khác.\\n\\n**Quyền phản đối xử lý dữ liệu**: Chủ thể dữ liệu được phản đối Bên Kiểm soát dữ liệu cá nhân, Bên Xử lý dữ liệ\']']","Nghị định quy định các quyền của chủ thể dữ liệu bao gồm:

1. Quyền đồng ý: Chủ thể dữ liệu có quyền đồng ý hoặc không đồng ý cho phép xử lý dữ liệu cá nhân của mình.
2. Quyền truy cập: Chủ thể dữ liệu có quyền truy cập để xem, chỉnh sửa hoặc yêu cầu chỉnh sửa dữ liệu cá nhân.
3. Quyền được biết: Chủ thể dữ liệu có quyền biết về hoạt động xử lý dữ liệu cá nhân của mình.
4. Quyền yêu cầu: Chủ thể dữ liệu có quyền yêu cầu Bên Kiểm soát dữ liệu cá nhân cung cấp dữ liệu cá nhân của mình.
5. Quyền phản đối xử lý dữ liệu: Chủ thể dữ liệu có quyền phản đối việc xử lý dữ liệu cá nhân.","Nghị định quy định các quyền của chủ thể dữ liệu bao gồm: quyền được biết về hoạt động xử lý dữ liệu cá nhân, quyền đồng ý hoặc không đồng ý cho phép xử lý dữ liệu cá nhân, quyền truy cập để xem và chỉnh sửa dữ liệu cá nhân, quyền rút lại sự đồng ý, quyền xóa dữ liệu cá nhân, quyền hạn chế xử lý dữ liệu, quyền cung cấp dữ liệu cá nhân, quyền phản đối xử lý dữ liệu, quyền khiếu nại, tố cáo, khởi kiện, quyền yêu cầu bồi thường thiệt hại, và quyền tự bảo vệ dữ liệu cá nhân.",1.0,0.7859607775417801,0.9999999999,0.5
Điều 11 nói gì về việc xử lý dữ liệu cá nhân?,"['[\'Đoạn văn nằm ở phần ""Điều 11. Nguyên tắc bảo vệ dữ liệu cá nhân"" trong tài liệu Nghị định số 13/2023 và nói về các nguyên tắc liên quan đến việc bảo vệ dữ liệu cá nhân.\\n\\n### Điều 11. Nguyên tắc bảo vệ dữ liệu cá nhân\\n\\nDữ liệu cá nhân được xử lý theo quy định của pháp luật.\\n\\nChủ thể dữ liệu được biết về việc xử lý dữ liệu cá nhân của mình, trừ trường hợp luật có quy định khác.\\n\\nDữ liệu cá nhân chỉ được xử lý đúng với mục đí\', \'Đoạn văn nằm trong tài liệu Nghị định số 13/2023 về bảo vệ dữ liệu cá nhân, nói về quyền của cá nhân trong việc xử lý và bảo vệ dữ liệu cá nhân của mình.\\n\\nu cá nhân xử lý dữ liệu cá nhân của mình nhằm ngăn chặn hoặc hạn chế tiết lộ dữ liệu cá nhân hoặc sử dụng cho mục đích quảng cáo, tiếp thị, trừ trường hợp luật có quy định khác.\\n\\n**Quyền khiếu nại, tố cáo, khởi kiện**: Chủ thể dữ liệu được khiếu nại, tố cá\', \'Đoạn văn này nằm trong tài liệu Nghị định số 13/2023 về bảo vệ dữ liệu cá nhân và nói về các hành động liên quan đến việc quản lý dữ liệu cá nhân.\\n\\nchỉnh sửa, công khai, kết hợp, truy cập, truy xuất, thu hồi, mã hóa, giải mã, sao chép, chia sẻ, truyền đưa, cung cấp, chuyển giao, xóa, hủy dữ liệu cá nhân hoặc các hành động khác có liên quan.\\n\\n**Bên Kiểm soát dữ liệu cá nhân** là tổ chức, cá nhân quyết\']']","Điều 11 quy định rằng dữ liệu cá nhân được xử lý theo quy định của pháp luật, chủ thể dữ liệu được biết về việc xử lý dữ liệu cá nhân của mình, và dữ liệu chỉ được xử lý đúng với mục đích đã xác định.","Điều 11 quy định rằng dữ liệu cá nhân được xử lý theo quy định của pháp luật. Chủ thể dữ liệu phải được biết về việc xử lý dữ liệu cá nhân của mình, trừ trường hợp luật có quy định khác. Dữ liệu cá nhân chỉ được xử lý đúng với mục đích đã được chủ thể dữ liệu đồng ý, và phải phù hợp, giới hạn trong phạm vi, mục đích cần xử lý. Dữ liệu cá nhân không được mua, bán dưới mọi hình thức, trừ trường hợp luật có quy định khác. Ngoài ra, dữ liệu cá nhân phải được áp dụng các biện pháp bảo vệ, bảo mật trong quá trình xử lý và chỉ được lưu trữ trong khoảng thời gian phù hợp với mục đích xử lý dữ liệu.",0.6666666666666666,0.854567488121452,0.9999999999,0.4
Điều 13 nói về cái gì trong việc xử lý dữ liệu cá nhân nhạy cảm?,"['[\'Đoạn văn nằm trong phần ""Điều 13. Xử lý dữ liệu cá nhân nhạy cảm"" của tài liệu Nghị định số 13/2023 và nói về quy định xử lý dữ liệu cá nhân nhạy cảm.\\n\\nc có liên quan.\\n\\n### Điều 13. Xử lý dữ liệu cá nhân nhạy cảm\\n\\nBên Kiểm soát dữ liệu cá nhân, Bên Xử lý dữ liệu cá nhân chỉ được xử lý dữ liệu cá nhân nhạy cảm sau khi có sự đồng ý của chủ thể dữ liệu, trừ các trường hợp quy định tại Điều 17 Nghị định này v\', \'Đoạn văn nằm trong phần ""Điều 15. Điều kiện xử lý dữ liệu cá nhân"" của tài liệu Nghị định số 13/2023 về bảo vệ dữ liệu cá nhân, nói về việc thông báo và bảo vệ dữ liệu cá nhân nhạy cảm.\\n\\nà thông báo cho chủ thể dữ liệu biết đây là loại dữ liệu nhạy cảm.\\n\\nDữ liệu cá nhân nhạy cảm phải được áp dụng các biện pháp bảo vệ cao hơn so với dữ liệu cá nhân thông thường.\\n\\n### Điều 15. Điều kiện xử lý dữ liệu cá nhân\\n\\nViệc xử lý dữ liệu cá nhân được\', \'Đoạn văn nằm trong Chương VI: Xử lý vi phạm của tài liệu Nghị định số 13/2023 về bảo vệ dữ liệu cá nhân, nói về việc xử lý dữ liệu cá nhân nhạy cảm của các cơ quan, tổ chức.\\n\\nCơ quan, tổ chức xử lý dữ liệu cá nhân nhạy cảm theo quy mô lớn.\\n\\nCơ quan nhà nước ở trung ương và địa phương.\\n\\n---\\n\\n## Chương VI: Xử lý vi phạm\\n\\n### Điều 30. Vi phạm và chế tài\']']","Điều 13 quy định rằng Bên Kiểm soát và Bên Xử lý dữ liệu cá nhân chỉ được xử lý dữ liệu cá nhân nhạy cảm sau khi có sự đồng ý của chủ thể dữ liệu, trừ các trường hợp đặc biệt được quy định tại Điều 17.","Điều 13 quy định rằng bên kiểm soát dữ liệu cá nhân và bên xử lý dữ liệu cá nhân chỉ được xử lý dữ liệu cá nhân nhạy cảm sau khi có sự đồng ý của chủ thể dữ liệu, trừ các trường hợp quy định tại Điều 17 và phải thông báo cho chủ thể dữ liệu biết đây là loại dữ liệu nhạy cảm. Dữ liệu cá nhân nhạy cảm phải được áp dụng các biện pháp bảo vệ cao hơn so với dữ liệu cá nhân thông thường.",0.5,0.9815409994458363,0.9999999999,1.0
What are the responsibilities of the data controller regarding personal data protection and the notification process to Bộ Công an in case of a data breach?,"['[\'Đoạn văn nằm trong tài liệu ""Nghi_dinh_so_13-2023_ve_bao_ve_du_lieu_ca_nhan_508ee.md"" và nói về quy định thông báo vi phạm dữ liệu cá nhân.\\n\\np kỹ thuật, công nghệ cần thiết để bảo vệ dữ liệu cá nhân.\\n\\nTrong trường hợp xảy ra vi phạm dữ liệu cá nhân, Bên Kiểm soát dữ liệu cá nhân phải thông báo cho Bộ Công an trong vòng 72 giờ kể từ khi phát hiện vi phạm và thực hiện các biện pháp khắc phục ngay\', \'Đoạn văn nằm trong Chương V của tài liệu ""Nghi_dinh_so_13-2023_ve_bao_ve_du_lieu_ca_nhan"" và nói về trách nhiệm của Bên Kiểm soát dữ liệu cá nhân trong việc bảo vệ dữ liệu cá nhân.\\n\\ndữ liệu cá nhân.\\n\\n---\\n\\n## Chương V: Trách nhiệm bảo vệ dữ liệu cá nhân\\n\\n### Điều 26. Trách nhiệm của Bên Kiểm soát dữ liệu cá nhân\\n\\nBên Kiểm soát dữ liệu cá nhân có trách nhiệm thực hiện các quy định tại Nghị định này và pháp luật có liên quan đến bảo vệ d\', \'Đoạn văn này nằm trong tài liệu ""Nghi_dinh_so_13-2023_ve_bao_ve_du_lieu_ca_nhan_508ee.md"" và nói về quy định thông báo vi phạm dữ liệu cá nhân và yêu cầu về nhân viên bảo vệ dữ liệu.\\n\\ncần thông báo vi phạm dữ liệu? Bên Kiểm soát dữ liệu cá nhân phải thông báo cho Bộ Công an trong vòng 72 giờ kể từ khi phát hiện vi phạm dữ liệu cá nhân.\\n\\nAi phải có nhân viên bảo vệ dữ liệu? Các tổ chức xử lý dữ liệu từ 1 triệu chủ thể trở lên mỗi tháng,\']']","Bên Kiểm soát dữ liệu cá nhân có trách nhiệm thực hiện các quy định tại Nghị định và pháp luật liên quan đến bảo vệ dữ liệu cá nhân. Trong trường hợp xảy ra vi phạm dữ liệu cá nhân, họ phải thông báo cho Bộ Công an trong vòng 72 giờ kể từ khi phát hiện vi phạm và thực hiện các biện pháp khắc phục ngay.","The data controller is responsible for implementing the regulations outlined in the decree and related laws on personal data protection. They must establish a communication channel to address requests related to the rights of data subjects within 72 hours. Additionally, they are required to record and store system logs for investigation and incident handling, allocate resources for personal data protection, and apply necessary technical and technological measures to safeguard personal data. In the event of a personal data breach, the data controller must notify Bộ Công an within 72 hours of discovering the breach and take immediate remedial actions.",1.0,0.8848050437451612,0.9999999999,0.5
What are the responsibilities of Bên Kiểm soát dữ liệu cá nhân according to the regulations on personal data protection?,"['[\'Đoạn văn nằm trong Chương V của tài liệu ""Nghi_dinh_so_13-2023_ve_bao_ve_du_lieu_ca_nhan"" và nói về trách nhiệm của Bên Kiểm soát dữ liệu cá nhân trong việc bảo vệ dữ liệu cá nhân.\\n\\ndữ liệu cá nhân.\\n\\n---\\n\\n## Chương V: Trách nhiệm bảo vệ dữ liệu cá nhân\\n\\n### Điều 26. Trách nhiệm của Bên Kiểm soát dữ liệu cá nhân\\n\\nBên Kiểm soát dữ liệu cá nhân có trách nhiệm thực hiện các quy định tại Nghị định này và pháp luật có liên quan đến bảo vệ d\', \'Đoạn văn này nằm trong tài liệu ""Nghi_dinh_so_13-2023_ve_bao_ve_du_lieu_ca_nhan_508ee.md"" và nói về các điều khoản liên quan đến việc bảo vệ dữ liệu cá nhân và quyền lợi hợp pháp trong việc xử lý dữ liệu.\\n\\no vệ tính mạng, sức khỏe của chủ thể dữ liệu hoặc người khác.\\n\\nĐáp ứng yêu cầu của nhiệm vụ thực hiện vì lợi ích công cộng, hoặc thực hiện quyền hạn nhà nước được giao.\\n\\nPhục vụ hoạt động của Bên Kiểm soát dữ liệu cá nhân vì lợi ích hợp pháp, trừ trường hợ\', \'Đoạn văn này nằm trong tài liệu Nghị định số 13/2023 về bảo vệ dữ liệu cá nhân và nói về các hành động liên quan đến việc quản lý dữ liệu cá nhân.\\n\\nchỉnh sửa, công khai, kết hợp, truy cập, truy xuất, thu hồi, mã hóa, giải mã, sao chép, chia sẻ, truyền đưa, cung cấp, chuyển giao, xóa, hủy dữ liệu cá nhân hoặc các hành động khác có liên quan.\\n\\n**Bên Kiểm soát dữ liệu cá nhân** là tổ chức, cá nhân quyết\']']","Bên Kiểm soát dữ liệu cá nhân có trách nhiệm thực hiện các quy định tại Nghị định này và pháp luật liên quan đến bảo vệ dữ liệu cá nhân, bảo vệ tính mạng, sức khỏe của chủ thể dữ liệu hoặc người khác, đáp ứng yêu cầu vì lợi ích công cộng, và thực hiện quyền hạn nhà nước được giao.","Bên Kiểm soát dữ liệu cá nhân is responsible for implementing the regulations in this Decree and related laws on personal data protection. They must establish a communication channel to address requests related to the rights of data subjects within 72 hours, maintain system logs for investigation and incident handling, allocate resources for personal data protection, and apply necessary technical and technological measures to safeguard personal data. In the event of a personal data breach, they must notify the Ministry of Public Security within 72 hours of discovering the breach and take immediate remedial actions.",1.0,0.8550664778917909,0.9999999999,0.16666666666666666
What is the role of Bộ Công an in the transfer of personal data abroad?,"['[\'Đoạn văn này nằm trong tài liệu ""Nghi_dinh_so_13-2023_ve_bao_ve_du_lieu_ca_nhan_508ee.md"" và nói về các điều kiện chuyển dữ liệu cá nhân ra nước ngoài.\\n\\nĐiều kiện để chuyển dữ liệu cá nhân ra nước ngoài là gì? Cần có sự đồng ý của chủ thể dữ liệu, thực hiện đúng mục đích đã đồng ý, lập hồ sơ đánh giá tác động và nộp cho Bộ Công an sau lần chuyển đầu tiên.\', \'Đoạn văn nằm trong tài liệu ""Nghi_dinh_so_13-2023_ve_bao_ve_du_lieu_ca_nhan_508ee.md"" và nói về quy trình nộp hồ sơ đánh giá tác động chuyển dữ liệu cá nhân ra nước ngoài cho Bộ Công an.\\n\\nliệu cá nhân phải nộp hồ sơ đánh giá tác động chuyển dữ liệu cá nhân ra nước ngoài cho Bộ Công an (Cục An ninh mạng và phòng, chống tội phạm sử dụng công nghệ cao).\\n\\nBộ Công an sẽ đánh giá trong vòng 60 ngày làm việc và thông báo kết quả cho Bên Kiểm soát\', \'Đoạn văn này nằm trong tài liệu ""Nghi_dinh_so_13-2023_ve_bao_ve_du_lieu_ca_nhan_508ee.md"" và nói về quy định liên quan đến việc chuyển dữ liệu cá nhân ra nước ngoài.\\n\\nực hiện đúng với mục đích được chủ thể dữ liệu đồng ý.\\n\\nBên Kiểm soát dữ liệu cá nhân phải lập và lưu giữ hồ sơ đánh giá tác động chuyển dữ liệu cá nhân ra nước ngoài.\\n\\nSau khi hoàn thành việc chuyển dữ liệu cá nhân ra nước ngoài lần đầu, Bên Kiểm soát dữ\']']",Bộ Công an có vai trò đánh giá hồ sơ đánh giá tác động chuyển dữ liệu cá nhân ra nước ngoài trong vòng 60 ngày làm việc và thông báo kết quả cho Bên Kiểm soát.,"Bộ Công an is responsible for evaluating the impact assessment of the transfer of personal data abroad, which must be submitted by the data controller after the initial transfer. They will assess this within 60 working days and notify the data controller of the results.",1.0,0.9109071171634776,0.9999999999,1.0
What are the requirements for transferring personal data of Vietnamese citizens abroad according to Cục An ninh mạng?,"['[\'Đoạn văn này nằm trong tài liệu ""Nghi_dinh_so_13-2023_ve_bao_ve_du_lieu_ca_nhan_508ee.md"" và nói về các điều kiện chuyển dữ liệu cá nhân của công dân Việt Nam ra nước ngoài.\\n\\nDữ liệu cá nhân của công dân Việt Nam được chuyển ra nước ngoài phải đáp ứng đủ các điều kiện sau:\\n\\nChủ thể dữ liệu đã được thông báo và đồng ý về việc dữ liệu cá nhân của mình được chuyển ra nước ngoài.\\n\\nHoạt động chuyển dữ liệu ra nước ngoài phải được th\', \'Đoạn văn này nằm trong tài liệu ""Nghi_dinh_so_13-2023_ve_bao_ve_du_lieu_ca_nhan_508ee.md"" và nói về các điều kiện chuyển dữ liệu cá nhân ra nước ngoài.\\n\\nĐiều kiện để chuyển dữ liệu cá nhân ra nước ngoài là gì? Cần có sự đồng ý của chủ thể dữ liệu, thực hiện đúng mục đích đã đồng ý, lập hồ sơ đánh giá tác động và nộp cho Bộ Công an sau lần chuyển đầu tiên.\', \'Đoạn văn nằm trong tài liệu ""Nghi_dinh_so_13-2023_ve_bao_ve_du_lieu_ca_nhan_508ee.md"" và nói về quy trình nộp hồ sơ đánh giá tác động chuyển dữ liệu cá nhân ra nước ngoài cho Bộ Công an.\\n\\nliệu cá nhân phải nộp hồ sơ đánh giá tác động chuyển dữ liệu cá nhân ra nước ngoài cho Bộ Công an (Cục An ninh mạng và phòng, chống tội phạm sử dụng công nghệ cao).\\n\\nBộ Công an sẽ đánh giá trong vòng 60 ngày làm việc và thông báo kết quả cho Bên Kiểm soát\']']","Các yêu cầu để chuyển dữ liệu cá nhân của công dân Việt Nam ra nước ngoài bao gồm: 

1. Chủ thể dữ liệu phải được thông báo và đồng ý về việc chuyển dữ liệu.
2. Hoạt động chuyển dữ liệu phải thực hiện đúng mục đích đã đồng ý.
3. Lập hồ sơ đánh giá tác động và nộp cho Bộ Công an sau lần chuyển đầu tiên.","According to Cục An ninh mạng, the transfer of personal data of Vietnamese citizens abroad must meet several conditions: the data subject must be informed and consent to the transfer, the transfer must be conducted in accordance with the purpose agreed upon by the data subject, the data controller must prepare and maintain records of the impact assessment for the transfer, and after the initial transfer, the data controller must submit the impact assessment records to the Ministry of Public Security (Cục An ninh mạng) for evaluation within 60 working days.",1.0,0.9638718677436741,0.9999999999,1.0
Bên Xử lý dữ liệu là gì và vai trò của nó trong bảo vệ dữ liệu?,"['[\'Đoạn văn này nằm trong tài liệu ""Nghi_dinh_so_13-2023_ve_bao_ve_du_lieu_ca_nhan_508ee.md"" và nói về định nghĩa và vai trò của Bên Xử lý dữ liệu cá nhân trong việc bảo vệ dữ liệu cá nhân.\\n\\nđịnh mục đích và phương tiện xử lý dữ liệu cá nhân.\\n\\n**Bên Xử lý dữ liệu cá nhân** là tổ chức, cá nhân thực hiện việc xử lý dữ liệu thay mặt cho Bên Kiểm soát dữ liệu, thông qua một hợp đồng hoặc thỏa thuận với Bên Kiểm soát dữ liệu cá nhân.\\n\\n**Chủ thể dữ\', \'Đoạn văn này nằm trong tài liệu ""Nghi_dinh_so_13-2023_ve_bao_ve_du_lieu_ca_nhan_508ee.md"" và nói về quyền quyết định của cá nhân trong việc xử lý dữ liệu cá nhân.\\n\\ná nhân quyết định mục đích và phương tiện xử lý dữ liệu. Bên Xử lý dữ liệu là tổ chức, cá nhân thực hiện việc xử lý dữ liệu thay mặt cho Bên Kiểm soát thông qua hợp đồng hoặc thỏa thuận.\', \'Đoạn văn này nằm trong tài liệu ""Nghi_dinh_so_13-2023_ve_bao_ve_du_lieu_ca_nhan_508ee.md"" và nói về các điều khoản liên quan đến việc bảo vệ dữ liệu cá nhân và quyền lợi hợp pháp trong việc xử lý dữ liệu.\\n\\no vệ tính mạng, sức khỏe của chủ thể dữ liệu hoặc người khác.\\n\\nĐáp ứng yêu cầu của nhiệm vụ thực hiện vì lợi ích công cộng, hoặc thực hiện quyền hạn nhà nước được giao.\\n\\nPhục vụ hoạt động của Bên Kiểm soát dữ liệu cá nhân vì lợi ích hợp pháp, trừ trường hợ\']']","Bên Xử lý dữ liệu là tổ chức, cá nhân thực hiện việc xử lý dữ liệu cá nhân thay mặt cho Bên Kiểm soát dữ liệu thông qua hợp đồng hoặc thỏa thuận. Vai trò của Bên Xử lý dữ liệu trong bảo vệ dữ liệu là đảm bảo việc xử lý dữ liệu cá nhân diễn ra đúng mục đích và phương tiện đã được xác định, đồng thời tuân thủ các quy định về bảo vệ dữ liệu cá nhân.",Bên Xử lý dữ liệu là tổ chức hoặc cá nhân thực hiện việc xử lý dữ liệu thay mặt cho Bên Kiểm soát dữ liệu thông qua hợp đồng hoặc thỏa thuận. Vai trò của Bên Xử lý dữ liệu là quan trọng trong việc đảm bảo rằng dữ liệu cá nhân được xử lý theo đúng mục đích và quy định của Bên Kiểm soát dữ liệu.,0.5,0.8360757164519385,0.9999999999,1.0
Bộ Công an có vai trò gì trong bảo vệ dữ liệu?,"['[\'Đoạn văn này nằm trong tài liệu ""Nghi_dinh_so_13-2023_ve_bao_ve_du_lieu_ca_nhan_508ee.md"" và nói về quy định thông báo vi phạm dữ liệu cá nhân và yêu cầu về nhân viên bảo vệ dữ liệu.\\n\\ncần thông báo vi phạm dữ liệu? Bên Kiểm soát dữ liệu cá nhân phải thông báo cho Bộ Công an trong vòng 72 giờ kể từ khi phát hiện vi phạm dữ liệu cá nhân.\\n\\nAi phải có nhân viên bảo vệ dữ liệu? Các tổ chức xử lý dữ liệu từ 1 triệu chủ thể trở lên mỗi tháng,\', \'Đoạn văn nằm trong tài liệu ""Nghi_dinh_so_13-2023_ve_bao_ve_du_lieu_ca_nhan_508ee.md"" và nói về quy định thông báo vi phạm dữ liệu cá nhân.\\n\\np kỹ thuật, công nghệ cần thiết để bảo vệ dữ liệu cá nhân.\\n\\nTrong trường hợp xảy ra vi phạm dữ liệu cá nhân, Bên Kiểm soát dữ liệu cá nhân phải thông báo cho Bộ Công an trong vòng 72 giờ kể từ khi phát hiện vi phạm và thực hiện các biện pháp khắc phục ngay\', \'Đoạn văn nằm trong tài liệu ""Nghi_dinh_so_13-2023_ve_bao_ve_du_lieu_ca_nhan_508ee.md"" và nói về quy trình nộp hồ sơ đánh giá tác động chuyển dữ liệu cá nhân ra nước ngoài cho Bộ Công an.\\n\\nliệu cá nhân phải nộp hồ sơ đánh giá tác động chuyển dữ liệu cá nhân ra nước ngoài cho Bộ Công an (Cục An ninh mạng và phòng, chống tội phạm sử dụng công nghệ cao).\\n\\nBộ Công an sẽ đánh giá trong vòng 60 ngày làm việc và thông báo kết quả cho Bên Kiểm soát\']']",Bộ Công an có vai trò nhận thông báo vi phạm dữ liệu cá nhân từ Bên Kiểm soát dữ liệu cá nhân trong vòng 72 giờ và đánh giá hồ sơ đánh giá tác động chuyển dữ liệu cá nhân ra nước ngoài trong vòng 60 ngày làm việc.,Bộ Công an có vai trò trong việc yêu cầu lập hồ sơ đánh giá tác động và nộp cho Bộ sau lần chuyển dữ liệu cá nhân ra nước ngoài đầu tiên.,1.0,0.8047936077067606,0.9999999999,1.0
"What are the responsibilities of organizations and individuals regarding the protection of personal data as outlined in the regulations, and how do law enforcement agencies interact with this data?","['[\'Đoạn văn nằm trong phần ""Điều 10. Nghĩa vụ của chủ thể dữ liệu"" của tài liệu Nghị định số 13/2023 về bảo vệ dữ liệu cá nhân, nói về nghĩa vụ của chủ thể dữ liệu trong việc tự bảo vệ thông tin cá nhân.\\n\\nữ liệu được tự bảo vệ theo quy định của Bộ luật Dân sự, luật khác có liên quan.\\n\\n### Điều 10. Nghĩa vụ của chủ thể dữ liệu\\n\\nTự bảo vệ dữ liệu cá nhân của mình; yêu cầu các tổ chức, cá nhân khác có liên quan bảo vệ dữ liệu cá nhân của mình.\\n\\nTôn trọng và bả\', \'Đoạn văn này nằm trong tài liệu ""Nghi_dinh_so_13-2023_ve_bao_ve_du_lieu_ca_nhan_508ee.md"" và nói về các hình thức xử lý vi phạm quy định về bảo vệ dữ liệu cá nhân.\\n\\nTổ chức, cá nhân vi phạm quy định về bảo vệ dữ liệu cá nhân tùy theo mức độ sẽ bị xử lý vi phạm hành chính hoặc bị truy cứu trách nhiệm hình sự theo quy định của pháp luật.\\n\\nTổ chức, cá nhân vi phạm gây thiệt hại phải bồi thường theo quy định của pháp luật\', \'Đoạn văn nằm trong Chương VI: Xử lý vi phạm của tài liệu Nghị định số 13/2023 về bảo vệ dữ liệu cá nhân, nói về việc xử lý dữ liệu cá nhân nhạy cảm của các cơ quan, tổ chức.\\n\\nCơ quan, tổ chức xử lý dữ liệu cá nhân nhạy cảm theo quy mô lớn.\\n\\nCơ quan nhà nước ở trung ương và địa phương.\\n\\n---\\n\\n## Chương VI: Xử lý vi phạm\\n\\n### Điều 30. Vi phạm và chế tài\']']",Không tìm thấy thông tin trong tài liệu.,"According to the regulations, organizations and individuals are responsible for the protection of personal data, which includes ensuring compliance with the provisions set forth in the decree. This applies to both Vietnamese entities and foreign entities involved in the processing of personal data in Vietnam. The regulations define personal data as information that can identify a specific individual, which includes basic personal data and sensitive personal data. Law enforcement agencies are involved in the processing of personal data, particularly in relation to sensitive data that, if violated, could directly affect the rights and legal interests of the data subjects. They may collect, store, and manage personal data related to criminal behavior, which is crucial for maintaining public safety and order.",0.0,0.0,0.9999999999,0.2
Quy định pháp luật nào liên quan đến việc xử lý dữ liệu cá nhân và các nghĩa vụ của bên kiểm soát dữ liệu cá nhân là gì?,"['[\'Đoạn văn nằm trong Chương V của tài liệu ""Nghi_dinh_so_13-2023_ve_bao_ve_du_lieu_ca_nhan"" và nói về trách nhiệm của Bên Kiểm soát dữ liệu cá nhân trong việc bảo vệ dữ liệu cá nhân.\\n\\ndữ liệu cá nhân.\\n\\n---\\n\\n## Chương V: Trách nhiệm bảo vệ dữ liệu cá nhân\\n\\n### Điều 26. Trách nhiệm của Bên Kiểm soát dữ liệu cá nhân\\n\\nBên Kiểm soát dữ liệu cá nhân có trách nhiệm thực hiện các quy định tại Nghị định này và pháp luật có liên quan đến bảo vệ d\', \'Đoạn văn này nằm trong tài liệu ""Nghi_dinh_so_13-2023_ve_bao_ve_du_lieu_ca_nhan_508ee.md"" và nói về các điều khoản liên quan đến việc bảo vệ dữ liệu cá nhân và quyền lợi hợp pháp trong việc xử lý dữ liệu.\\n\\no vệ tính mạng, sức khỏe của chủ thể dữ liệu hoặc người khác.\\n\\nĐáp ứng yêu cầu của nhiệm vụ thực hiện vì lợi ích công cộng, hoặc thực hiện quyền hạn nhà nước được giao.\\n\\nPhục vụ hoạt động của Bên Kiểm soát dữ liệu cá nhân vì lợi ích hợp pháp, trừ trường hợ\', \'Đoạn văn này nằm trong tài liệu Nghị định số 13/2023 về bảo vệ dữ liệu cá nhân và nói về các hành động liên quan đến việc quản lý dữ liệu cá nhân.\\n\\nchỉnh sửa, công khai, kết hợp, truy cập, truy xuất, thu hồi, mã hóa, giải mã, sao chép, chia sẻ, truyền đưa, cung cấp, chuyển giao, xóa, hủy dữ liệu cá nhân hoặc các hành động khác có liên quan.\\n\\n**Bên Kiểm soát dữ liệu cá nhân** là tổ chức, cá nhân quyết\']']",Không tìm thấy thông tin trong tài liệu.,"Quy định pháp luật liên quan đến việc xử lý dữ liệu cá nhân được nêu trong Nghị định này, trong đó xác định rằng dữ liệu cá nhân phải được xử lý theo quy định của pháp luật và chủ thể dữ liệu phải được biết về việc xử lý dữ liệu cá nhân của mình. Bên kiểm soát dữ liệu cá nhân có nghĩa vụ thực hiện các quy định này, bao gồm việc chỉ xử lý dữ liệu cá nhân đúng với mục đích đã được chủ thể dữ liệu đồng ý và áp dụng các biện pháp bảo vệ, bảo mật trong quá trình xử lý.",0.0,0.0,0.9999999999,1.0
Quyền phản đối xử lý dữ liệu có liên quan như thế nào đến sự đồng ý của chủ thể dữ liệu trong các quy định về bảo vệ dữ liệu cá nhân?,"['[\'Đoạn văn này nằm trong tài liệu ""Nghi_dinh_so_13-2023_ve_bao_ve_du_lieu_ca_nhan_508ee.md"" và nói về quyền của chủ thể dữ liệu trong việc yêu cầu và phản đối xử lý dữ liệu cá nhân.\\n\\n*: Chủ thể dữ liệu được yêu cầu Bên Kiểm soát dữ liệu cá nhân cung cấp cho mình dữ liệu cá nhân của mình, trừ trường hợp luật có quy định khác.\\n\\n**Quyền phản đối xử lý dữ liệu**: Chủ thể dữ liệu được phản đối Bên Kiểm soát dữ liệu cá nhân, Bên Xử lý dữ liệ\', \'Đoạn văn nằm trong tài liệu ""Nghi_dinh_so_13-2023_ve_bao_ve_du_lieu_ca_nhan_508ee.md"" và nói về quyền của chủ thể dữ liệu liên quan đến việc đồng ý và truy cập dữ liệu cá nhân.\\n\\n**Quyền đồng ý**: Chủ thể dữ liệu được đồng ý hoặc không đồng ý cho phép xử lý dữ liệu cá nhân của mình, trừ trường hợp quy định tại Điều 17 Nghị định này.\\n\\n**Quyền truy cập**: Chủ thể dữ liệu được truy cập để xem, chỉnh sửa hoặc yêu cầu chỉnh sửa dữ liệu\', \'Đoạn văn này nằm trong tài liệu ""Nghi_dinh_so_13-2023_ve_bao_ve_du_lieu_ca_nhan_508ee.md"" và nói về quyền của chủ thể dữ liệu liên quan đến việc rút lại sự đồng ý và xóa dữ liệu cá nhân.\\n\\ncá nhân của mình, trừ trường hợp luật có quy định khác.\\n\\n**Quyền rút lại sự đồng ý**: Chủ thể dữ liệu được rút lại sự đồng ý của mình, trừ trường hợp luật có quy định khác.\\n\\n**Quyền xóa dữ liệu**: Chủ thể dữ liệu được xóa hoặc yêu cầu xóa dữ liệu cá nhân c\']']","Quyền phản đối xử lý dữ liệu và quyền đồng ý của chủ thể dữ liệu đều liên quan đến việc kiểm soát và bảo vệ dữ liệu cá nhân. Chủ thể dữ liệu có quyền đồng ý hoặc không đồng ý cho phép xử lý dữ liệu cá nhân của mình. Nếu chủ thể dữ liệu đã đồng ý, họ vẫn có quyền phản đối việc xử lý dữ liệu trong những trường hợp nhất định, cho thấy rằng quyền kiểm soát dữ liệu cá nhân không chỉ dừng lại ở việc đồng ý ban đầu mà còn bao gồm khả năng thay đổi ý kiến sau này.","Quyền phản đối xử lý dữ liệu cho phép chủ thể dữ liệu ngăn chặn hoặc hạn chế việc tiết lộ dữ liệu cá nhân hoặc sử dụng cho mục đích quảng cáo, tiếp thị. Điều này liên quan đến sự đồng ý của chủ thể dữ liệu, vì dữ liệu cá nhân chỉ được xử lý đúng với mục đích đã được chủ thể dữ liệu đồng ý. Nếu chủ thể dữ liệu không đồng ý, họ có quyền phản đối việc xử lý dữ liệu của mình.",1.0,0.8352795895234246,0.9999999999,0.6666666666666666
Làm thế nào các cơ quan thực thi pháp luật có thể ảnh hưởng đến việc bảo vệ dữ liệu cá nhân theo quy định trong Nghị định này?,"['[\'Đoạn văn nằm ở phần đầu của tài liệu ""Nghi_dinh_so_13-2023_ve_bao_ve_du_lieu_ca_nhan_508ee.md"" và nói về nghị định quy định về bảo vệ dữ liệu cá nhân.\\n\\n# NGHỊ ĐỊNH SỐ 13/2023/NĐ-CP VỀ BẢO VỆ DỮ LIỆU CÁ NHÂN\\n\\nCơ quan phát hành: Văn phòng Chính phủ\\n\\n## Chương I: Quy định chung\\n\\n### Điều 1. Phạm vi điều chỉnh\\n\\nNghị định này quy định về bảo vệ dữ liệu cá nhân và trách nhiệm bảo vệ dữ liệu cá nhân của cơ quan,\', \'Đoạn văn nằm trong tài liệu Nghị định số 13/2023 về bảo vệ dữ liệu cá nhân, nói về quyền của cá nhân trong việc xử lý và bảo vệ dữ liệu cá nhân của mình.\\n\\nu cá nhân xử lý dữ liệu cá nhân của mình nhằm ngăn chặn hoặc hạn chế tiết lộ dữ liệu cá nhân hoặc sử dụng cho mục đích quảng cáo, tiếp thị, trừ trường hợp luật có quy định khác.\\n\\n**Quyền khiếu nại, tố cáo, khởi kiện**: Chủ thể dữ liệu được khiếu nại, tố cá\', \'Đoạn văn này nằm trong tài liệu ""Nghi_dinh_so_13-2023_ve_bao_ve_du_lieu_ca_nhan_508ee.md"" và nói về các biện pháp bảo vệ, bảo mật dữ liệu cá nhân cũng như quyền của chủ thể dữ liệu.\\n\\nliệu cá nhân được áp dụng các biện pháp bảo vệ, bảo mật trong quá trình xử lý.\\n\\nDữ liệu cá nhân chỉ được lưu trữ trong khoảng thời gian phù hợp với mục đích xử lý dữ liệu.\\n\\nChủ thể dữ liệu được bảo đảm các quyền theo quy định của Nghị định này và luật khá\']']",Không tìm thấy thông tin trong tài liệu.,"Các cơ quan thực thi pháp luật có thể ảnh hưởng đến việc bảo vệ dữ liệu cá nhân theo quy định trong Nghị định này bằng cách thu thập và lưu trữ dữ liệu cá nhân, bao gồm cả dữ liệu nhạy cảm. Nghị định quy định rằng các cơ quan, tổ chức, cá nhân có liên quan phải tuân thủ các quy định về bảo vệ dữ liệu cá nhân, và các cơ quan thực thi pháp luật có trách nhiệm trong việc xử lý dữ liệu cá nhân, đảm bảo rằng quyền và lợi ích hợp pháp của chủ thể dữ liệu được bảo vệ.",0.0,0.0,0.9999999999,1.0
Dữ liệu cá nhân nhạy cảm và dữ liệu cá nhân trẻ em có những quy định gì trong Nghị định về bảo vệ dữ liệu cá nhân?,"['[\'Đoạn văn nằm trong phần ""Điều 15. Điều kiện xử lý dữ liệu cá nhân"" của tài liệu Nghị định số 13/2023 về bảo vệ dữ liệu cá nhân, nói về việc thông báo và bảo vệ dữ liệu cá nhân nhạy cảm.\\n\\nà thông báo cho chủ thể dữ liệu biết đây là loại dữ liệu nhạy cảm.\\n\\nDữ liệu cá nhân nhạy cảm phải được áp dụng các biện pháp bảo vệ cao hơn so với dữ liệu cá nhân thông thường.\\n\\n### Điều 15. Điều kiện xử lý dữ liệu cá nhân\\n\\nViệc xử lý dữ liệu cá nhân được\', \'Đoạn văn này nằm trong tài liệu ""Nghi_dinh_so_13-2023_ve_bao_ve_du_lieu_ca_nhan_508ee.md"" và nói về quy định xử lý dữ liệu nhạy cảm và quyền xóa dữ liệu cá nhân.\\n\\nxử lý dữ liệu nhạy cảm quy mô lớn, và cơ quan nhà nước ở trung ương và địa phương đều phải có nhân viên bảo vệ dữ liệu chuyên trách.\\n\\nQuyền xóa dữ liệu cá nhân là gì? Chủ thể dữ liệu có quyền yêu cầu xóa dữ liệu cá nhân của mình khỏi hệ thống của Bên Kiểm\', \'Đoạn văn này nằm trong tài liệu ""Nghi_dinh_so_13-2023_ve_bao_ve_du_lieu_ca_nhan_508ee.md"" và nói về các loại dữ liệu cá nhân nhạy cảm cần được bảo vệ.\\n\\n; thông tin về đời sống tình dục, xu hướng tình dục của cá nhân; dữ liệu về tội phạm, hành vi phạm tội được thu thập, lưu trữ bởi các cơ quan thực thi pháp luật; thông tin khách hàng của tổ chức tín dụng, chi nhánh ngân hàng nước ngoài, tổ chức cung ứng dị\']']",Không tìm thấy thông tin trong tài liệu.,"Theo Nghị định về bảo vệ dữ liệu cá nhân, dữ liệu cá nhân nhạy cảm bao gồm thông tin liên quan đến quyền riêng tư của cá nhân, như quan điểm chính trị, tôn giáo, tình trạng sức khỏe, nguồn gốc chủng tộc, và đời sống tình dục. Để xử lý dữ liệu cá nhân nhạy cảm, bên kiểm soát và bên xử lý dữ liệu phải có sự đồng ý của chủ thể dữ liệu và áp dụng các biện pháp bảo vệ cao hơn so với dữ liệu cá nhân thông thường. Đối với dữ liệu cá nhân trẻ em, cũng có những quy định tương tự, yêu cầu sự đồng ý của cha mẹ hoặc người giám hộ trước khi tiến hành xử lý.",0.0,0.0,0.9999999999,0.6666666666666666
Cơ quan thực thi pháp luật có trách nhiệm gì trong việc bảo vệ dữ liệu cá nhân theo quy định của Nghị định này?,"['[\'Đoạn văn nằm trong Chương V của tài liệu ""Nghi_dinh_so_13-2023_ve_bao_ve_du_lieu_ca_nhan"" và nói về trách nhiệm của Bên Kiểm soát dữ liệu cá nhân trong việc bảo vệ dữ liệu cá nhân.\\n\\ndữ liệu cá nhân.\\n\\n---\\n\\n## Chương V: Trách nhiệm bảo vệ dữ liệu cá nhân\\n\\n### Điều 26. Trách nhiệm của Bên Kiểm soát dữ liệu cá nhân\\n\\nBên Kiểm soát dữ liệu cá nhân có trách nhiệm thực hiện các quy định tại Nghị định này và pháp luật có liên quan đến bảo vệ d\', \'Đoạn văn nằm ở phần đầu của tài liệu ""Nghi_dinh_so_13-2023_ve_bao_ve_du_lieu_ca_nhan_508ee.md"" và nói về nghị định quy định về bảo vệ dữ liệu cá nhân.\\n\\n# NGHỊ ĐỊNH SỐ 13/2023/NĐ-CP VỀ BẢO VỆ DỮ LIỆU CÁ NHÂN\\n\\nCơ quan phát hành: Văn phòng Chính phủ\\n\\n## Chương I: Quy định chung\\n\\n### Điều 1. Phạm vi điều chỉnh\\n\\nNghị định này quy định về bảo vệ dữ liệu cá nhân và trách nhiệm bảo vệ dữ liệu cá nhân của cơ quan,\', \'Đoạn văn này nằm trong tài liệu ""Nghi_dinh_so_13-2023_ve_bao_ve_du_lieu_ca_nhan_508ee.md"" và nói về các loại dữ liệu cá nhân nhạy cảm cần được bảo vệ.\\n\\n; thông tin về đời sống tình dục, xu hướng tình dục của cá nhân; dữ liệu về tội phạm, hành vi phạm tội được thu thập, lưu trữ bởi các cơ quan thực thi pháp luật; thông tin khách hàng của tổ chức tín dụng, chi nhánh ngân hàng nước ngoài, tổ chức cung ứng dị\']']",Không tìm thấy thông tin trong tài liệu.,"Theo quy định của Nghị định, các cơ quan thực thi pháp luật có trách nhiệm bảo vệ dữ liệu cá nhân, bao gồm việc xử lý dữ liệu cá nhân liên quan đến thông tin khách hàng của tổ chức tín dụng, chi nhánh ngân hàng nước ngoài, và tổ chức cung ứng dịch vụ trung gian thanh toán. Họ cũng phải đảm bảo rằng việc xử lý dữ liệu cá nhân được thực hiện đúng theo các quy định về bảo vệ quyền và lợi ích hợp pháp của chủ thể dữ liệu.",0.0,0.0,0.9999999999,1.0
Chuyển dữ liệu cá nhân ra nước ngoài phải đáp ứng điều kiện gì và mục đích chuyển dữ liệu là gì theo quy định?,"['[\'Đoạn văn này nằm trong tài liệu ""Nghi_dinh_so_13-2023_ve_bao_ve_du_lieu_ca_nhan_508ee.md"" và nói về các điều kiện chuyển dữ liệu cá nhân ra nước ngoài.\\n\\nĐiều kiện để chuyển dữ liệu cá nhân ra nước ngoài là gì? Cần có sự đồng ý của chủ thể dữ liệu, thực hiện đúng mục đích đã đồng ý, lập hồ sơ đánh giá tác động và nộp cho Bộ Công an sau lần chuyển đầu tiên.\', \'Đoạn văn này nằm trong tài liệu ""Nghi_dinh_so_13-2023_ve_bao_ve_du_lieu_ca_nhan_508ee.md"" và nói về các điều kiện chuyển dữ liệu cá nhân của công dân Việt Nam ra nước ngoài.\\n\\nDữ liệu cá nhân của công dân Việt Nam được chuyển ra nước ngoài phải đáp ứng đủ các điều kiện sau:\\n\\nChủ thể dữ liệu đã được thông báo và đồng ý về việc dữ liệu cá nhân của mình được chuyển ra nước ngoài.\\n\\nHoạt động chuyển dữ liệu ra nước ngoài phải được th\', \'Đoạn văn này nằm trong tài liệu ""Nghi_dinh_so_13-2023_ve_bao_ve_du_lieu_ca_nhan_508ee.md"" và nói về quy định liên quan đến việc chuyển dữ liệu cá nhân ra nước ngoài.\\n\\nực hiện đúng với mục đích được chủ thể dữ liệu đồng ý.\\n\\nBên Kiểm soát dữ liệu cá nhân phải lập và lưu giữ hồ sơ đánh giá tác động chuyển dữ liệu cá nhân ra nước ngoài.\\n\\nSau khi hoàn thành việc chuyển dữ liệu cá nhân ra nước ngoài lần đầu, Bên Kiểm soát dữ\']']","Chuyển dữ liệu cá nhân ra nước ngoài phải đáp ứng các điều kiện sau: có sự đồng ý của chủ thể dữ liệu, thực hiện đúng mục đích đã đồng ý, lập hồ sơ đánh giá tác động và nộp cho Bộ Công an sau lần chuyển đầu tiên. Mục đích chuyển dữ liệu là phải đúng với mục đích mà chủ thể dữ liệu đã đồng ý.","Chuyển dữ liệu cá nhân ra nước ngoài phải đáp ứng các điều kiện sau: Chủ thể dữ liệu đã được thông báo và đồng ý về việc dữ liệu cá nhân của mình được chuyển ra nước ngoài, và hoạt động chuyển dữ liệu ra nước ngoài phải được thực hiện đúng với mục đích mà chủ thể dữ liệu đã đồng ý.",1.0,0.8357129868167917,0.9999999999,1.0
"What rights does a data subject have regarding their personal data, specifically in terms of consent and the right to object to data processing?","['[\'Đoạn văn nằm trong tài liệu ""Nghi_dinh_so_13-2023_ve_bao_ve_du_lieu_ca_nhan_508ee.md"" và nói về quyền của chủ thể dữ liệu liên quan đến việc đồng ý và truy cập dữ liệu cá nhân.\\n\\n**Quyền đồng ý**: Chủ thể dữ liệu được đồng ý hoặc không đồng ý cho phép xử lý dữ liệu cá nhân của mình, trừ trường hợp quy định tại Điều 17 Nghị định này.\\n\\n**Quyền truy cập**: Chủ thể dữ liệu được truy cập để xem, chỉnh sửa hoặc yêu cầu chỉnh sửa dữ liệu\', \'Đoạn văn này nằm trong tài liệu ""Nghi_dinh_so_13-2023_ve_bao_ve_du_lieu_ca_nhan_508ee.md"" và nói về quyền của chủ thể dữ liệu liên quan đến việc rút lại sự đồng ý và xóa dữ liệu cá nhân.\\n\\ncá nhân của mình, trừ trường hợp luật có quy định khác.\\n\\n**Quyền rút lại sự đồng ý**: Chủ thể dữ liệu được rút lại sự đồng ý của mình, trừ trường hợp luật có quy định khác.\\n\\n**Quyền xóa dữ liệu**: Chủ thể dữ liệu được xóa hoặc yêu cầu xóa dữ liệu cá nhân c\', \'Đoạn văn nằm trong tài liệu Nghị định số 13/2023 về bảo vệ dữ liệu cá nhân, nói về quyền của cá nhân trong việc xử lý và bảo vệ dữ liệu cá nhân của mình.\\n\\nu cá nhân xử lý dữ liệu cá nhân của mình nhằm ngăn chặn hoặc hạn chế tiết lộ dữ liệu cá nhân hoặc sử dụng cho mục đích quảng cáo, tiếp thị, trừ trường hợp luật có quy định khác.\\n\\n**Quyền khiếu nại, tố cáo, khởi kiện**: Chủ thể dữ liệu được khiếu nại, tố cá\']']","Chủ thể dữ liệu có quyền đồng ý hoặc không đồng ý cho phép xử lý dữ liệu cá nhân của mình. Ngoài ra, họ cũng có quyền khiếu nại, tố cáo, khởi kiện để ngăn chặn hoặc hạn chế tiết lộ dữ liệu cá nhân hoặc sử dụng cho mục đích quảng cáo, tiếp thị.","A data subject has several rights regarding their personal data, including the right to consent, which allows them to agree or disagree to the processing of their personal data. Additionally, the data subject has the right to object to the processing of their personal data, which enables them to prevent or limit the disclosure of their personal data or its use for advertising and marketing purposes. These rights are outlined in the regulations governing data protection.",1.0,0.9502042135831633,0.9999999999,0.6666666666666666
"What types of sensitive personal data are included in the regulations, and how does the treatment of children's personal data differ from other sensitive data?","['[\'Đoạn văn này nằm trong tài liệu ""Nghi_dinh_so_13-2023_ve_bao_ve_du_lieu_ca_nhan_508ee.md"" và nói về các loại dữ liệu cá nhân nhạy cảm cần được bảo vệ.\\n\\n; thông tin về đời sống tình dục, xu hướng tình dục của cá nhân; dữ liệu về tội phạm, hành vi phạm tội được thu thập, lưu trữ bởi các cơ quan thực thi pháp luật; thông tin khách hàng của tổ chức tín dụng, chi nhánh ngân hàng nước ngoài, tổ chức cung ứng dị\', \'Đoạn văn nằm trong tài liệu ""Nghi_dinh_so_13-2023_ve_bao_ve_du_lieu_ca_nhan_508ee.md"" và nói về các loại dữ liệu cá nhân cần được bảo vệ.\\n\\ntrị, tôn giáo; hồ sơ bệnh án và sức khỏe; nguồn gốc chủng tộc, dân tộc; đặc điểm di truyền; thuộc tính sinh học riêng; đời sống tình dục; dữ liệu tội phạm; thông tin khách hàng tổ chức tín dụng; dữ liệu vị trí định vị; và dữ liệu cá nhân trẻ em.\\n\\nKhi nào\', \'Đoạn văn nằm trong tài liệu ""Nghi_dinh_so_13-2023_ve_bao_ve_du_lieu_ca_nhan_508ee.md"" và nói về các loại thông tin cá nhân nhạy cảm được bảo vệ.\\n\\nà cuộc sống riêng tư được ghi trong hồ sơ bệnh án; thông tin liên quan đến nguồn gốc chủng tộc, nguồn gốc dân tộc; thông tin về đặc điểm di truyền được thừa hưởng hoặc có được của cá nhân; thông tin về thuộc tính vật lý, đặc điểm sinh học riêng của cá nhân\']']",Không tìm thấy thông tin trong tài liệu.,"The regulations specify that sensitive personal data includes political opinions, religious beliefs, health records, racial or ethnic origin, genetic characteristics, physical attributes, sexual life, criminal data, customer information from credit institutions, location data, and children's personal data. The treatment of children's personal data is subject to stricter protections, requiring explicit consent from the data subject before processing, and it must be handled with higher security measures compared to other types of sensitive personal data.",0.0,0.0,0.9999999999,0.5
What are the legal regulations regarding the processing of personal data and the responsibilities of data controllers in Vietnam?,"['[\'Đoạn văn nằm trong Chương V của tài liệu ""Nghi_dinh_so_13-2023_ve_bao_ve_du_lieu_ca_nhan"" và nói về trách nhiệm của Bên Kiểm soát dữ liệu cá nhân trong việc bảo vệ dữ liệu cá nhân.\\n\\ndữ liệu cá nhân.\\n\\n---\\n\\n## Chương V: Trách nhiệm bảo vệ dữ liệu cá nhân\\n\\n### Điều 26. Trách nhiệm của Bên Kiểm soát dữ liệu cá nhân\\n\\nBên Kiểm soát dữ liệu cá nhân có trách nhiệm thực hiện các quy định tại Nghị định này và pháp luật có liên quan đến bảo vệ d\', \'Đoạn văn này nằm trong tài liệu ""Nghi_dinh_so_13-2023_ve_bao_ve_du_lieu_ca_nhan_508ee.md"" và nói về các điều khoản liên quan đến việc bảo vệ dữ liệu cá nhân và quyền lợi hợp pháp trong việc xử lý dữ liệu.\\n\\no vệ tính mạng, sức khỏe của chủ thể dữ liệu hoặc người khác.\\n\\nĐáp ứng yêu cầu của nhiệm vụ thực hiện vì lợi ích công cộng, hoặc thực hiện quyền hạn nhà nước được giao.\\n\\nPhục vụ hoạt động của Bên Kiểm soát dữ liệu cá nhân vì lợi ích hợp pháp, trừ trường hợ\', \'Đoạn văn này nằm trong tài liệu Nghị định số 13/2023 về bảo vệ dữ liệu cá nhân và nói về các hành động liên quan đến việc quản lý dữ liệu cá nhân.\\n\\nchỉnh sửa, công khai, kết hợp, truy cập, truy xuất, thu hồi, mã hóa, giải mã, sao chép, chia sẻ, truyền đưa, cung cấp, chuyển giao, xóa, hủy dữ liệu cá nhân hoặc các hành động khác có liên quan.\\n\\n**Bên Kiểm soát dữ liệu cá nhân** là tổ chức, cá nhân quyết\']']",Không tìm thấy thông tin trong tài liệu.,"The legal regulations regarding the processing of personal data in Vietnam are outlined in the decree that specifies the protection of personal data and the responsibilities of relevant agencies, organizations, and individuals. It applies to both Vietnamese and foreign entities involved in the processing of personal data in Vietnam. The decree defines personal data, which includes basic and sensitive personal data, and establishes that personal data must be processed according to legal regulations. Data controllers are responsible for ensuring that personal data is processed only for the purposes agreed upon by the data subjects, and they must implement appropriate security measures during processing.",0.0,0.0,0.9999999999,0.5
Cơ quan thực thi pháp luật có trách nhiệm gì trong việc bảo vệ dữ liệu cá nhân?,"['[\'Đoạn văn nằm trong Chương V của tài liệu ""Nghi_dinh_so_13-2023_ve_bao_ve_du_lieu_ca_nhan"" và nói về trách nhiệm của Bên Kiểm soát dữ liệu cá nhân trong việc bảo vệ dữ liệu cá nhân.\\n\\ndữ liệu cá nhân.\\n\\n---\\n\\n## Chương V: Trách nhiệm bảo vệ dữ liệu cá nhân\\n\\n### Điều 26. Trách nhiệm của Bên Kiểm soát dữ liệu cá nhân\\n\\nBên Kiểm soát dữ liệu cá nhân có trách nhiệm thực hiện các quy định tại Nghị định này và pháp luật có liên quan đến bảo vệ d\', \'Đoạn văn nằm ở phần đầu của tài liệu ""Nghi_dinh_so_13-2023_ve_bao_ve_du_lieu_ca_nhan_508ee.md"" và nói về nghị định quy định về bảo vệ dữ liệu cá nhân.\\n\\n# NGHỊ ĐỊNH SỐ 13/2023/NĐ-CP VỀ BẢO VỆ DỮ LIỆU CÁ NHÂN\\n\\nCơ quan phát hành: Văn phòng Chính phủ\\n\\n## Chương I: Quy định chung\\n\\n### Điều 1. Phạm vi điều chỉnh\\n\\nNghị định này quy định về bảo vệ dữ liệu cá nhân và trách nhiệm bảo vệ dữ liệu cá nhân của cơ quan,\', \'Đoạn văn này nằm trong tài liệu ""Nghi_dinh_so_13-2023_ve_bao_ve_du_lieu_ca_nhan_508ee.md"" và nói về các loại dữ liệu cá nhân nhạy cảm cần được bảo vệ.\\n\\n; thông tin về đời sống tình dục, xu hướng tình dục của cá nhân; dữ liệu về tội phạm, hành vi phạm tội được thu thập, lưu trữ bởi các cơ quan thực thi pháp luật; thông tin khách hàng của tổ chức tín dụng, chi nhánh ngân hàng nước ngoài, tổ chức cung ứng dị\']']",Không tìm thấy thông tin trong tài liệu.,"Cơ quan thực thi pháp luật có trách nhiệm bảo vệ dữ liệu cá nhân, bao gồm việc thu thập, lưu trữ và xử lý dữ liệu cá nhân theo quy định của Nghị định về bảo vệ dữ liệu cá nhân. Họ cũng phải đảm bảo rằng việc xử lý dữ liệu cá nhân không xâm phạm quyền và lợi ích hợp pháp của chủ thể dữ liệu.",0.0,0.0,0.9999999999,1.0
"What are the responsibilities of organizations and individuals regarding the protection of personal data as outlined in the regulations, and how do law enforcement agencies relate to the processing of this data?","['[\'Đoạn văn nằm trong phần ""Điều 10. Nghĩa vụ của chủ thể dữ liệu"" của tài liệu Nghị định số 13/2023 về bảo vệ dữ liệu cá nhân, nói về nghĩa vụ của chủ thể dữ liệu trong việc tự bảo vệ thông tin cá nhân.\\n\\nữ liệu được tự bảo vệ theo quy định của Bộ luật Dân sự, luật khác có liên quan.\\n\\n### Điều 10. Nghĩa vụ của chủ thể dữ liệu\\n\\nTự bảo vệ dữ liệu cá nhân của mình; yêu cầu các tổ chức, cá nhân khác có liên quan bảo vệ dữ liệu cá nhân của mình.\\n\\nTôn trọng và bả\', \'Đoạn văn này nằm trong tài liệu ""Nghi_dinh_so_13-2023_ve_bao_ve_du_lieu_ca_nhan_508ee.md"" và nói về các điều khoản liên quan đến việc bảo vệ dữ liệu cá nhân và quyền lợi hợp pháp trong việc xử lý dữ liệu.\\n\\no vệ tính mạng, sức khỏe của chủ thể dữ liệu hoặc người khác.\\n\\nĐáp ứng yêu cầu của nhiệm vụ thực hiện vì lợi ích công cộng, hoặc thực hiện quyền hạn nhà nước được giao.\\n\\nPhục vụ hoạt động của Bên Kiểm soát dữ liệu cá nhân vì lợi ích hợp pháp, trừ trường hợ\', \'Đoạn văn nằm trong Chương V của tài liệu ""Nghi_dinh_so_13-2023_ve_bao_ve_du_lieu_ca_nhan"" và nói về trách nhiệm của Bên Kiểm soát dữ liệu cá nhân trong việc bảo vệ dữ liệu cá nhân.\\n\\ndữ liệu cá nhân.\\n\\n---\\n\\n## Chương V: Trách nhiệm bảo vệ dữ liệu cá nhân\\n\\n### Điều 26. Trách nhiệm của Bên Kiểm soát dữ liệu cá nhân\\n\\nBên Kiểm soát dữ liệu cá nhân có trách nhiệm thực hiện các quy định tại Nghị định này và pháp luật có liên quan đến bảo vệ d\']']",Không tìm thấy thông tin trong tài liệu.,"The regulations specify that organizations, individuals, and agencies involved in the processing of personal data in Vietnam are responsible for protecting personal data. This includes ensuring compliance with the definitions and categories of personal data, which encompass both basic and sensitive personal data. Law enforcement agencies are involved in the processing of personal data, particularly in relation to sensitive data that may impact the rights and legal interests of data subjects. Their role includes collecting and storing data related to criminal behavior, which is part of the broader framework of personal data protection outlined in the regulations.",0.0,0.0,0.9999999999,0.75
Quyền xóa dữ liệu có liên quan như thế nào đến nghĩa vụ thông báo vi phạm dữ liệu cá nhân của Bên Kiểm soát dữ liệu?,"['[\'Đoạn văn này nằm trong tài liệu ""Nghi_dinh_so_13-2023_ve_bao_ve_du_lieu_ca_nhan_508ee.md"" và nói về quy định xử lý dữ liệu nhạy cảm và quyền xóa dữ liệu cá nhân.\\n\\nxử lý dữ liệu nhạy cảm quy mô lớn, và cơ quan nhà nước ở trung ương và địa phương đều phải có nhân viên bảo vệ dữ liệu chuyên trách.\\n\\nQuyền xóa dữ liệu cá nhân là gì? Chủ thể dữ liệu có quyền yêu cầu xóa dữ liệu cá nhân của mình khỏi hệ thống của Bên Kiểm\', \'Đoạn văn này nằm trong tài liệu ""Nghi_dinh_so_13-2023_ve_bao_ve_du_lieu_ca_nhan_508ee.md"" và nói về quyền của chủ thể dữ liệu liên quan đến việc rút lại sự đồng ý và xóa dữ liệu cá nhân.\\n\\ncá nhân của mình, trừ trường hợp luật có quy định khác.\\n\\n**Quyền rút lại sự đồng ý**: Chủ thể dữ liệu được rút lại sự đồng ý của mình, trừ trường hợp luật có quy định khác.\\n\\n**Quyền xóa dữ liệu**: Chủ thể dữ liệu được xóa hoặc yêu cầu xóa dữ liệu cá nhân c\', \'Đoạn văn nằm trong tài liệu ""Nghi_dinh_so_13-2023_ve_bao_ve_du_lieu_ca_nhan_508ee.md"" và nói về quy định thông báo vi phạm dữ liệu cá nhân.\\n\\np kỹ thuật, công nghệ cần thiết để bảo vệ dữ liệu cá nhân.\\n\\nTrong trường hợp xảy ra vi phạm dữ liệu cá nhân, Bên Kiểm soát dữ liệu cá nhân phải thông báo cho Bộ Công an trong vòng 72 giờ kể từ khi phát hiện vi phạm và thực hiện các biện pháp khắc phục ngay\']']",Không tìm thấy thông tin trong tài liệu.,"Quyền xóa dữ liệu cho phép chủ thể dữ liệu yêu cầu xóa hoặc yêu cầu xóa dữ liệu cá nhân của mình, trong khi nghĩa vụ thông báo vi phạm dữ liệu cá nhân yêu cầu Bên Kiểm soát dữ liệu phải thông báo cho Bộ Công an trong vòng 72 giờ kể từ khi phát hiện vi phạm. Điều này có nghĩa là nếu có vi phạm dữ liệu cá nhân, Bên Kiểm soát dữ liệu không chỉ phải thông báo mà còn phải xem xét quyền xóa dữ liệu của chủ thể dữ liệu liên quan đến thông tin bị vi phạm.",0.0,0.0,0.9999999999,0.6666666666666666
Báo cáo tài chính của Công ty tại ngày 31/12/2023 có phản ánh trung thực không và tổng tài sản là bao nhiêu?,"['[\'Đoạn văn nằm trong phần báo cáo tài chính của tài liệu BCTC.md và nói về ý kiến của kiểm toán viên về tính trung thực và hợp lý của báo cáo tài chính của Công ty tại ngày 31/12/2023.\\n\\nty TNHH Kiểm toán và Tư vấn A&C.\\n\\nTheo ý kiến của kiểm toán viên, báo cáo tài chính phản ánh trung thực và hợp lý tình hình tài chính của Công ty tại ngày 31/12/2023 và kết quả hoạt động kinh doanh trong năm tài chính kết thúc cùng ngày, phù hợp với Chuẩn\', \'Đoạn văn nằm trong phần ""Bảng cân đối kế toán tại ngày 31/12/2023"" của tài liệu BCTC.md và nói về tài sản ngắn hạn của công ty.\\n\\n.000.000 đồng (Một trăm năm mươi tỷ đồng).\\n\\n---\\n\\n## Bảng cân đối kế toán tại ngày 31/12/2023\\n\\n### TÀI SẢN\\n\\n#### A. TÀI SẢN NGẮN HẠN\\n\\nTiền và các khoản tương đương tiền: 45.230.000.000 đồng\\n\\nĐầu tư tài chính ngắn hạn: 20.000.000.000 đồng\\n\\nCác khoản phải thu\', \'Đoạn văn này nằm trong phần báo cáo tài chính của tài liệu BCTC.md và nói về tổng tài sản ngắn hạn của công ty.\\n\\nngắn hạn: 38.750.000.000 đồng\\n- Phải thu của khách hàng: 35.200.000.000 đồng\\n- Trả trước cho người bán ngắn hạn: 3.550.000.000 đồng\\n\\nHàng tồn kho: 12.400.000.000 đồng\\n\\nTài sản ngắn hạn khác: 5.620.000.000 đồng\\n\\n**Tổng tài sản ngắn hạn: 122.000.000.000 đồn\']']",Báo cáo tài chính của Công ty tại ngày 31/12/2023 phản ánh trung thực và hợp lý. Tổng tài sản ngắn hạn là 122.000.000.000 đồng.,"Báo cáo tài chính của Công ty tại ngày 31/12/2023 phản ánh trung thực và hợp lý tình hình tài chính của Công ty, theo ý kiến của kiểm toán viên. Tổng tài sản của Công ty là 239.000.000.000 đồng.",1.0,0.8512686643267687,0.9999999999,0.5
"What does the financial report indicate about the company's financial situation as of 31/12/2023, and how does it reflect in the balance sheet?","['[\'Đoạn văn nằm trong phần báo cáo tài chính của tài liệu BCTC.md và nói về ý kiến của kiểm toán viên về tính trung thực và hợp lý của báo cáo tài chính của Công ty tại ngày 31/12/2023.\\n\\nty TNHH Kiểm toán và Tư vấn A&C.\\n\\nTheo ý kiến của kiểm toán viên, báo cáo tài chính phản ánh trung thực và hợp lý tình hình tài chính của Công ty tại ngày 31/12/2023 và kết quả hoạt động kinh doanh trong năm tài chính kết thúc cùng ngày, phù hợp với Chuẩn\', \'Đoạn văn nằm trong phần ""Bảng cân đối kế toán tại ngày 31/12/2023"" của tài liệu BCTC.md và nói về tài sản ngắn hạn của công ty.\\n\\n.000.000 đồng (Một trăm năm mươi tỷ đồng).\\n\\n---\\n\\n## Bảng cân đối kế toán tại ngày 31/12/2023\\n\\n### TÀI SẢN\\n\\n#### A. TÀI SẢN NGẮN HẠN\\n\\nTiền và các khoản tương đương tiền: 45.230.000.000 đồng\\n\\nĐầu tư tài chính ngắn hạn: 20.000.000.000 đồng\\n\\nCác khoản phải thu\', \'Đoạn văn nằm trong phần ""Chỉ số tài chính quan trọng năm 2023"" của tài liệu BCTC.md và nói về rủi ro thanh khoản của công ty.\\n\\nRủi ro thanh khoản: Công ty duy trì tỷ lệ thanh khoản hiện hành (current ratio) ở mức 1,91 lần, đảm bảo khả năng thanh toán ngắn hạn.\\n\\n---\\n\\n## Chỉ số tài chính quan trọng năm 2023\\n\\nTỷ lệ lợi nhuận gộp (Gross Profit Margin): 30,5%\\n\\nTỷ lệ lợi nhuận ròng (Net\']']","Báo cáo tài chính chỉ ra rằng tình hình tài chính của công ty tại ngày 31/12/2023 được phản ánh trung thực và hợp lý. Trong bảng cân đối kế toán, tài sản ngắn hạn bao gồm tiền và các khoản tương đương tiền là 45.230.000.000 đồng và đầu tư tài chính ngắn hạn là 20.000.000.000 đồng.","The financial report indicates that as of 31/12/2023, the company's financial situation is accurately reflected, showing a total asset value of 239,000,000,000 đồng. The balance sheet details include total current assets of 122,000,000,000 đồng and total long-term assets of 117,000,000,000 đồng. On the liabilities side, the total liabilities amount to 89,000,000,000 đồng, with total equity reported at 150,000,000,000 đồng. This comprehensive overview aligns with the auditor's opinion that the financial statements present a true and fair view of the company's financial position.",1.0,0.9640288182265879,0.9999999999,0.25
Bên Xử lý dữ liệu là gì và khác nhau như thế nào với Bên Kiểm soát dữ liệu?,"['[\'Đoạn văn nằm trong tài liệu ""Nghi_dinh_so_13-2023_ve_bao_ve_du_lieu_ca_nhan_508ee.md"" và nói về quy định liên quan đến việc mua bán dữ liệu cá nhân và sự khác biệt giữa Bên Kiểm soát dữ liệu và Bên Xử lý dữ liệu.\\n\\nkhi đồng ý.\\n\\nDữ liệu cá nhân có được mua bán không? Dữ liệu cá nhân không được mua, bán dưới mọi hình thức, trừ trường hợp luật có quy định khác.\\n\\nBên Kiểm soát dữ liệu và Bên Xử lý dữ liệu khác nhau như thế nào? Bên Kiểm soát dữ liệu cá nhân là tổ chức, c\', \'Đoạn văn này nằm trong tài liệu ""Nghi_dinh_so_13-2023_ve_bao_ve_du_lieu_ca_nhan_508ee.md"" và nói về quyền quyết định của cá nhân trong việc xử lý dữ liệu cá nhân.\\n\\ná nhân quyết định mục đích và phương tiện xử lý dữ liệu. Bên Xử lý dữ liệu là tổ chức, cá nhân thực hiện việc xử lý dữ liệu thay mặt cho Bên Kiểm soát thông qua hợp đồng hoặc thỏa thuận.\', \'Đoạn văn này nằm trong tài liệu ""Nghi_dinh_so_13-2023_ve_bao_ve_du_lieu_ca_nhan_508ee.md"" và nói về định nghĩa và vai trò của Bên Xử lý dữ liệu cá nhân trong việc bảo vệ dữ liệu cá nhân.\\n\\nđịnh mục đích và phương tiện xử lý dữ liệu cá nhân.\\n\\n**Bên Xử lý dữ liệu cá nhân** là tổ chức, cá nhân thực hiện việc xử lý dữ liệu thay mặt cho Bên Kiểm soát dữ liệu, thông qua một hợp đồng hoặc thỏa thuận với Bên Kiểm soát dữ liệu cá nhân.\\n\\n**Chủ thể dữ\']']","Bên Xử lý dữ liệu là tổ chức, cá nhân thực hiện việc xử lý dữ liệu cá nhân thay mặt cho Bên Kiểm soát dữ liệu thông qua hợp đồng hoặc thỏa thuận. Khác với Bên Kiểm soát dữ liệu, Bên Kiểm soát là tổ chức, cá nhân quyết định mục đích và phương tiện xử lý dữ liệu.","Bên Xử lý dữ liệu là tổ chức hoặc cá nhân thực hiện việc xử lý dữ liệu thay mặt cho Bên Kiểm soát dữ liệu thông qua hợp đồng hoặc thỏa thuận. Trong khi đó, Bên Kiểm soát dữ liệu cá nhân là tổ chức hoặc cá nhân quyết định mục đích và phương tiện xử lý dữ liệu. Sự khác biệt chính giữa hai bên này nằm ở vai trò và trách nhiệm trong việc xử lý dữ liệu cá nhân.",1.0,0.7755395854700553,0.9999999999,0.6666666666666666
Bên Xử lý dữ liệu cá nhân là ai và họ thực hiện những hoạt động gì liên quan đến dữ liệu cá nhân theo quy định của Bên Kiểm soát dữ liệu cá nhân?,"['[\'Đoạn văn này nằm trong tài liệu ""Nghi_dinh_so_13-2023_ve_bao_ve_du_lieu_ca_nhan_508ee.md"" và nói về định nghĩa và vai trò của Bên Xử lý dữ liệu cá nhân trong việc bảo vệ dữ liệu cá nhân.\\n\\nđịnh mục đích và phương tiện xử lý dữ liệu cá nhân.\\n\\n**Bên Xử lý dữ liệu cá nhân** là tổ chức, cá nhân thực hiện việc xử lý dữ liệu thay mặt cho Bên Kiểm soát dữ liệu, thông qua một hợp đồng hoặc thỏa thuận với Bên Kiểm soát dữ liệu cá nhân.\\n\\n**Chủ thể dữ\', \'Đoạn văn này nằm trong tài liệu ""Nghi_dinh_so_13-2023_ve_bao_ve_du_lieu_ca_nhan_508ee.md"" và nói về quyền quyết định của cá nhân trong việc xử lý dữ liệu cá nhân.\\n\\ná nhân quyết định mục đích và phương tiện xử lý dữ liệu. Bên Xử lý dữ liệu là tổ chức, cá nhân thực hiện việc xử lý dữ liệu thay mặt cho Bên Kiểm soát thông qua hợp đồng hoặc thỏa thuận.\', \'Đoạn văn này nằm trong tài liệu Nghị định số 13/2023 về bảo vệ dữ liệu cá nhân và nói về các hành động liên quan đến việc quản lý dữ liệu cá nhân.\\n\\nchỉnh sửa, công khai, kết hợp, truy cập, truy xuất, thu hồi, mã hóa, giải mã, sao chép, chia sẻ, truyền đưa, cung cấp, chuyển giao, xóa, hủy dữ liệu cá nhân hoặc các hành động khác có liên quan.\\n\\n**Bên Kiểm soát dữ liệu cá nhân** là tổ chức, cá nhân quyết\']']","Bên Xử lý dữ liệu cá nhân là tổ chức, cá nhân thực hiện việc xử lý dữ liệu thay mặt cho Bên Kiểm soát dữ liệu, thông qua hợp đồng hoặc thỏa thuận. Họ thực hiện các hoạt động như chỉnh sửa, công khai, kết hợp, truy cập, truy xuất, thu hồi, mã hóa, giải mã, sao chép, chia sẻ, truyền đưa, cung cấp, chuyển giao, xóa, hủy dữ liệu cá nhân hoặc các hành động khác có liên quan.","Bên Xử lý dữ liệu cá nhân là tổ chức hoặc cá nhân thực hiện việc xử lý dữ liệu thay mặt cho Bên Kiểm soát dữ liệu, thông qua một hợp đồng hoặc thỏa thuận với Bên Kiểm soát dữ liệu cá nhân. Họ thực hiện nhiều hoạt động liên quan đến dữ liệu cá nhân, bao gồm thu thập, ghi, phân tích, xác nhận, lưu trữ, chỉnh sửa, công khai, kết hợp, truy cập, truy xuất, thu hồi, mã hóa, giải mã, sao chép, chia sẻ, truyền đưa, cung cấp, chuyển giao, xóa, và hủy dữ liệu cá nhân.",1.0,0.8403021949673244,0.9999999999,1.0
"What are the conditions for transferring personal data of Vietnamese citizens abroad, and what role does the Bộ Công an play in this process?","['[\'Đoạn văn này nằm trong tài liệu ""Nghi_dinh_so_13-2023_ve_bao_ve_du_lieu_ca_nhan_508ee.md"" và nói về các điều kiện chuyển dữ liệu cá nhân ra nước ngoài.\\n\\nĐiều kiện để chuyển dữ liệu cá nhân ra nước ngoài là gì? Cần có sự đồng ý của chủ thể dữ liệu, thực hiện đúng mục đích đã đồng ý, lập hồ sơ đánh giá tác động và nộp cho Bộ Công an sau lần chuyển đầu tiên.\', \'Đoạn văn này nằm trong tài liệu ""Nghi_dinh_so_13-2023_ve_bao_ve_du_lieu_ca_nhan_508ee.md"" và nói về các điều kiện chuyển dữ liệu cá nhân của công dân Việt Nam ra nước ngoài.\\n\\nDữ liệu cá nhân của công dân Việt Nam được chuyển ra nước ngoài phải đáp ứng đủ các điều kiện sau:\\n\\nChủ thể dữ liệu đã được thông báo và đồng ý về việc dữ liệu cá nhân của mình được chuyển ra nước ngoài.\\n\\nHoạt động chuyển dữ liệu ra nước ngoài phải được th\', \'Đoạn văn nằm trong tài liệu ""Nghi_dinh_so_13-2023_ve_bao_ve_du_lieu_ca_nhan_508ee.md"" và nói về quy trình nộp hồ sơ đánh giá tác động chuyển dữ liệu cá nhân ra nước ngoài cho Bộ Công an.\\n\\nliệu cá nhân phải nộp hồ sơ đánh giá tác động chuyển dữ liệu cá nhân ra nước ngoài cho Bộ Công an (Cục An ninh mạng và phòng, chống tội phạm sử dụng công nghệ cao).\\n\\nBộ Công an sẽ đánh giá trong vòng 60 ngày làm việc và thông báo kết quả cho Bên Kiểm soát\']']","Điều kiện để chuyển dữ liệu cá nhân của công dân Việt Nam ra nước ngoài bao gồm: chủ thể dữ liệu phải được thông báo và đồng ý về việc chuyển dữ liệu, hoạt động chuyển dữ liệu phải thực hiện đúng mục đích đã đồng ý, và cần lập hồ sơ đánh giá tác động nộp cho Bộ Công an. Bộ Công an sẽ đánh giá hồ sơ trong vòng 60 ngày làm việc và thông báo kết quả cho Bên Kiểm soát.","The conditions for transferring personal data of Vietnamese citizens abroad include the requirement that the data subject has been informed and has consented to the transfer of their personal data. Additionally, the transfer must be conducted in accordance with the purpose agreed upon by the data subject. The data controller is also required to prepare and maintain a record of the impact assessment for the transfer of personal data abroad. After the initial transfer, the data controller must submit the impact assessment record to the Bộ Công an (Ministry of Public Security), which will evaluate it within 60 working days and notify the data controller of the results.",1.0,0.9453402458336639,0.9999999999,1.0
Điều kiện chuyển dữ liệu cá nhân ra nước ngoài là gì và Bộ Công an có vai trò gì trong quy trình này?,"['[\'Đoạn văn này nằm trong tài liệu ""Nghi_dinh_so_13-2023_ve_bao_ve_du_lieu_ca_nhan_508ee.md"" và nói về các điều kiện chuyển dữ liệu cá nhân ra nước ngoài.\\n\\nĐiều kiện để chuyển dữ liệu cá nhân ra nước ngoài là gì? Cần có sự đồng ý của chủ thể dữ liệu, thực hiện đúng mục đích đã đồng ý, lập hồ sơ đánh giá tác động và nộp cho Bộ Công an sau lần chuyển đầu tiên.\', \'Đoạn văn này nằm trong tài liệu ""Nghi_dinh_so_13-2023_ve_bao_ve_du_lieu_ca_nhan_508ee.md"" và nói về các điều kiện chuyển dữ liệu cá nhân của công dân Việt Nam ra nước ngoài.\\n\\nDữ liệu cá nhân của công dân Việt Nam được chuyển ra nước ngoài phải đáp ứng đủ các điều kiện sau:\\n\\nChủ thể dữ liệu đã được thông báo và đồng ý về việc dữ liệu cá nhân của mình được chuyển ra nước ngoài.\\n\\nHoạt động chuyển dữ liệu ra nước ngoài phải được th\', \'Đoạn văn nằm trong tài liệu ""Nghi_dinh_so_13-2023_ve_bao_ve_du_lieu_ca_nhan_508ee.md"" và nói về quy trình nộp hồ sơ đánh giá tác động chuyển dữ liệu cá nhân ra nước ngoài cho Bộ Công an.\\n\\nliệu cá nhân phải nộp hồ sơ đánh giá tác động chuyển dữ liệu cá nhân ra nước ngoài cho Bộ Công an (Cục An ninh mạng và phòng, chống tội phạm sử dụng công nghệ cao).\\n\\nBộ Công an sẽ đánh giá trong vòng 60 ngày làm việc và thông báo kết quả cho Bên Kiểm soát\']']","Điều kiện chuyển dữ liệu cá nhân ra nước ngoài bao gồm: sự đồng ý của chủ thể dữ liệu, thực hiện đúng mục đích đã đồng ý, lập hồ sơ đánh giá tác động và nộp cho Bộ Công an sau lần chuyển đầu tiên. Bộ Công an có vai trò đánh giá hồ sơ trong vòng 60 ngày làm việc và thông báo kết quả cho Bên Kiểm soát.","Điều kiện chuyển dữ liệu cá nhân ra nước ngoài bao gồm việc chủ thể dữ liệu đã được thông báo và đồng ý về việc dữ liệu cá nhân của mình được chuyển ra nước ngoài, hoạt động chuyển dữ liệu phải được thực hiện đúng với mục đích đã đồng ý, và Bên Kiểm soát dữ liệu cá nhân phải lập và lưu giữ hồ sơ đánh giá tác động chuyển dữ liệu cá nhân ra nước ngoài. Sau khi hoàn thành việc chuyển dữ liệu lần đầu, Bên Kiểm soát dữ liệu cá nhân phải nộp hồ sơ đánh giá tác động cho Bộ Công an, cơ quan này sẽ đánh giá trong vòng 60 ngày làm việc và thông báo kết quả cho Bên Kiểm soát dữ liệu cá nhân.",1.0,0.8274838523075874,0.9999999999,1.0
What are the obligations of the data processor in relation to the personal data processing rights of the data subject as outlined in the regulations?,"['[\'Đoạn văn này nằm trong tài liệu ""Nghi_dinh_so_13-2023_ve_bao_ve_du_lieu_ca_nhan_508ee.md"" và nói về các điều khoản liên quan đến việc bảo vệ dữ liệu cá nhân và quyền lợi hợp pháp trong việc xử lý dữ liệu.\\n\\no vệ tính mạng, sức khỏe của chủ thể dữ liệu hoặc người khác.\\n\\nĐáp ứng yêu cầu của nhiệm vụ thực hiện vì lợi ích công cộng, hoặc thực hiện quyền hạn nhà nước được giao.\\n\\nPhục vụ hoạt động của Bên Kiểm soát dữ liệu cá nhân vì lợi ích hợp pháp, trừ trường hợ\', \'Đoạn văn nằm trong phần ""Điều 10. Nghĩa vụ của chủ thể dữ liệu"" của tài liệu Nghị định số 13/2023 về bảo vệ dữ liệu cá nhân, nói về nghĩa vụ của chủ thể dữ liệu trong việc tự bảo vệ thông tin cá nhân.\\n\\nữ liệu được tự bảo vệ theo quy định của Bộ luật Dân sự, luật khác có liên quan.\\n\\n### Điều 10. Nghĩa vụ của chủ thể dữ liệu\\n\\nTự bảo vệ dữ liệu cá nhân của mình; yêu cầu các tổ chức, cá nhân khác có liên quan bảo vệ dữ liệu cá nhân của mình.\\n\\nTôn trọng và bả\', \'Đoạn văn nằm trong tài liệu Nghị định số 13/2023 về bảo vệ dữ liệu cá nhân, nói về quyền của cá nhân trong việc xử lý và bảo vệ dữ liệu cá nhân của mình.\\n\\nu cá nhân xử lý dữ liệu cá nhân của mình nhằm ngăn chặn hoặc hạn chế tiết lộ dữ liệu cá nhân hoặc sử dụng cho mục đích quảng cáo, tiếp thị, trừ trường hợp luật có quy định khác.\\n\\n**Quyền khiếu nại, tố cáo, khởi kiện**: Chủ thể dữ liệu được khiếu nại, tố cá\']']",Không tìm thấy thông tin trong tài liệu.,"The obligations of the data processor, referred to as 'Bên Xử lý dữ liệu cá nhân', include processing personal data on behalf of the data controller ('Bên Kiểm soát dữ liệu cá nhân') according to a contract or agreement. The data processor must respect the rights of the data subject ('Chủ thể dữ liệu'), which include the right to know about data processing activities, the right to consent, the right to access and modify personal data, and the right to withdraw consent or request deletion of their data. Additionally, the data processor must ensure that personal data is handled in compliance with the relevant laws and regulations.",0.0,0.0,0.9999999999,0.0
Chủ thể dữ liệu có quyền gì liên quan đến việc xử lý dữ liệu cá nhân của mình và nghĩa vụ của họ là gì?,"['[\'Đoạn văn nằm trong phần ""Điều 10. Nghĩa vụ của chủ thể dữ liệu"" của tài liệu Nghị định số 13/2023 về bảo vệ dữ liệu cá nhân, nói về nghĩa vụ của chủ thể dữ liệu trong việc tự bảo vệ thông tin cá nhân.\\n\\nữ liệu được tự bảo vệ theo quy định của Bộ luật Dân sự, luật khác có liên quan.\\n\\n### Điều 10. Nghĩa vụ của chủ thể dữ liệu\\n\\nTự bảo vệ dữ liệu cá nhân của mình; yêu cầu các tổ chức, cá nhân khác có liên quan bảo vệ dữ liệu cá nhân của mình.\\n\\nTôn trọng và bả\', \'Đoạn văn nằm trong phần ""Điều 9. Quyền của chủ thể dữ liệu"" của tài liệu Nghị định số 13/2023 về bảo vệ dữ liệu cá nhân, nói về quyền được biết của chủ thể dữ liệu.\\n\\na vụ của chủ thể dữ liệu\\n\\n### Điều 9. Quyền của chủ thể dữ liệu\\n\\nChủ thể dữ liệu được bảo đảm các quyền sau:\\n\\n**Quyền được biết**: Chủ thể dữ liệu được biết về hoạt động xử lý dữ liệu cá nhân của mình, trừ trường hợp luật có quy định khác.\', \'Đoạn văn nằm trong tài liệu ""Nghi_dinh_so_13-2023_ve_bao_ve_du_lieu_ca_nhan_508ee.md"" và nói về quyền của chủ thể dữ liệu liên quan đến việc đồng ý và truy cập dữ liệu cá nhân.\\n\\n**Quyền đồng ý**: Chủ thể dữ liệu được đồng ý hoặc không đồng ý cho phép xử lý dữ liệu cá nhân của mình, trừ trường hợp quy định tại Điều 17 Nghị định này.\\n\\n**Quyền truy cập**: Chủ thể dữ liệu được truy cập để xem, chỉnh sửa hoặc yêu cầu chỉnh sửa dữ liệu\']']","Chủ thể dữ liệu có quyền được biết về hoạt động xử lý dữ liệu cá nhân của mình, quyền đồng ý hoặc không đồng ý cho phép xử lý dữ liệu cá nhân, và quyền truy cập để xem, chỉnh sửa hoặc yêu cầu chỉnh sửa dữ liệu. Nghĩa vụ của họ là tự bảo vệ dữ liệu cá nhân của mình và yêu cầu các tổ chức, cá nhân khác bảo vệ dữ liệu cá nhân của họ.","Chủ thể dữ liệu có nhiều quyền liên quan đến việc xử lý dữ liệu cá nhân của mình, bao gồm quyền được biết về hoạt động xử lý dữ liệu, quyền đồng ý hoặc không đồng ý cho phép xử lý dữ liệu, quyền truy cập để xem và chỉnh sửa dữ liệu, quyền rút lại sự đồng ý, quyền xóa dữ liệu, quyền hạn chế xử lý dữ liệu, quyền cung cấp dữ liệu, quyền phản đối xử lý dữ liệu, quyền khiếu nại, tố cáo, khởi kiện, quyền yêu cầu bồi thường thiệt hại, và quyền tự bảo vệ. Về nghĩa vụ, chủ thể dữ liệu cần tự bảo vệ dữ liệu cá nhân của mình, yêu cầu các tổ chức, cá nhân khác bảo vệ dữ liệu cá nhân của mình, và tôn trọng dữ liệu cá nhân của người khác.",0.8571428571428571,0.8418266939752631,0.9999999999,1.0
Điều kiện nào được quy định trong Điều 15 để xử lý dữ liệu cá nhân theo quy định của pháp luật?,"['[\'Đoạn văn nằm trong phần ""Điều 15. Điều kiện xử lý dữ liệu cá nhân"" của tài liệu Nghị định số 13/2023 về bảo vệ dữ liệu cá nhân, nói về việc thông báo và bảo vệ dữ liệu cá nhân nhạy cảm.\\n\\nà thông báo cho chủ thể dữ liệu biết đây là loại dữ liệu nhạy cảm.\\n\\nDữ liệu cá nhân nhạy cảm phải được áp dụng các biện pháp bảo vệ cao hơn so với dữ liệu cá nhân thông thường.\\n\\n### Điều 15. Điều kiện xử lý dữ liệu cá nhân\\n\\nViệc xử lý dữ liệu cá nhân được\', \'Đoạn văn này nằm trong tài liệu ""Nghi_dinh_so_13-2023_ve_bao_ve_du_lieu_ca_nhan_508ee.md"" và nói về các căn cứ để xử lý dữ liệu cá nhân theo quy định của nghị định.\\n\\nthực hiện khi có một trong các căn cứ sau:\\n\\nChủ thể dữ liệu đồng ý xử lý dữ liệu cá nhân của mình.\\n\\nThực hiện hợp đồng của chủ thể dữ liệu với tổ chức, cá nhân có liên quan.\\n\\nBên Kiểm soát dữ liệu cá nhân thực hiện nghĩa vụ theo quy định của pháp luật.\\n\\nBả\', \'Đoạn văn này nằm trong tài liệu ""Nghi_dinh_so_13-2023_ve_bao_ve_du_lieu_ca_nhan_508ee.md"" và nói về quyền hạn chế xử lý dữ liệu cá nhân theo quy định của pháp luật.\\n\\nủa mình, trừ trường hợp luật có quy định khác. Đây còn được gọi là quyền được lãng quên.\\n\\n**Quyền hạn chế xử lý dữ liệu**: Chủ thể dữ liệu được yêu cầu hạn chế xử lý dữ liệu cá nhân của mình, trừ trường hợp luật có quy định khác.\\n\\n**Quyền cung cấp dữ liệu*\']']","Điều kiện để xử lý dữ liệu cá nhân theo quy định của pháp luật trong Điều 15 bao gồm:

1. Chủ thể dữ liệu đồng ý xử lý dữ liệu cá nhân của mình.
2. Thực hiện hợp đồng của chủ thể dữ liệu với tổ chức, cá nhân có liên quan.
3. Bên Kiểm soát dữ liệu cá nhân thực hiện nghĩa vụ theo quy định của pháp luật.","Theo Điều 15, việc xử lý dữ liệu cá nhân được thực hiện khi có một trong các căn cứ sau: Chủ thể dữ liệu đồng ý xử lý dữ liệu cá nhân của mình; thực hiện hợp đồng của chủ thể dữ liệu với tổ chức, cá nhân có liên quan; bên kiểm soát dữ liệu cá nhân thực hiện nghĩa vụ theo quy định của pháp luật; bảo vệ tính mạng, sức khỏe của chủ thể dữ liệu hoặc người khác; đáp ứng yêu cầu của nhiệm vụ thực hiện vì lợi ích công cộng, hoặc thực hiện quyền hạn nhà nước được giao; phục vụ hoạt động của bên kiểm soát dữ liệu cá nhân vì lợi ích hợp pháp, trừ trường hợp lợi ích này bị lợi ích và quyền tự do cơ bản của chủ thể dữ liệu áp đảo.",0.75,0.8765116647745165,0.9999999999,0.5
"What are the conditions outlined in Điều 15 for processing personal data, and how do they relate to the principles established in Điều 11 regarding the protection of personal data?","['[\'Đoạn văn nằm trong phần ""Điều 15. Điều kiện xử lý dữ liệu cá nhân"" của tài liệu Nghị định số 13/2023 về bảo vệ dữ liệu cá nhân, nói về việc thông báo và bảo vệ dữ liệu cá nhân nhạy cảm.\\n\\nà thông báo cho chủ thể dữ liệu biết đây là loại dữ liệu nhạy cảm.\\n\\nDữ liệu cá nhân nhạy cảm phải được áp dụng các biện pháp bảo vệ cao hơn so với dữ liệu cá nhân thông thường.\\n\\n### Điều 15. Điều kiện xử lý dữ liệu cá nhân\\n\\nViệc xử lý dữ liệu cá nhân được\', \'Đoạn văn nằm ở phần ""Điều 11. Nguyên tắc bảo vệ dữ liệu cá nhân"" trong tài liệu Nghị định số 13/2023 và nói về các nguyên tắc liên quan đến việc bảo vệ dữ liệu cá nhân.\\n\\n### Điều 11. Nguyên tắc bảo vệ dữ liệu cá nhân\\n\\nDữ liệu cá nhân được xử lý theo quy định của pháp luật.\\n\\nChủ thể dữ liệu được biết về việc xử lý dữ liệu cá nhân của mình, trừ trường hợp luật có quy định khác.\\n\\nDữ liệu cá nhân chỉ được xử lý đúng với mục đí\', \'Đoạn văn nằm trong tài liệu ""Nghi_dinh_so_13-2023_ve_bao_ve_du_lieu_ca_nhan_508ee.md"" và nói về các điều kiện cần có để sự đồng ý trong bảo vệ dữ liệu cá nhân được xem là hợp lệ.\\n\\nsoát dữ liệu. Đây còn gọi là quyền được lãng quên.\\n\\nSự đồng ý trong bảo vệ dữ liệu cá nhân cần đáp ứng điều kiện gì? Sự đồng ý phải rõ ràng, tự nguyện, cụ thể, có thông tin và không mơ hồ. Chủ thể dữ liệu phải được thông báo đầy đủ về mục đích xử lý trước\']']",Không tìm thấy thông tin trong tài liệu.,"According to Điều 15, the processing of personal data is permitted under several conditions: the data subject must consent to the processing of their personal data, the processing must fulfill a contract with the data subject, the data controller must comply with legal obligations, the processing must protect the life or health of the data subject or others, it must meet public interest requirements, or it must serve the legitimate interests of the data controller unless overridden by the fundamental rights and freedoms of the data subject. These conditions relate to the principles established in Điều 11, which emphasize that personal data must be processed in accordance with the law, with the data subject being informed about the processing, and that data must be collected for specific, legitimate purposes and protected adequately during processing.",0.0,0.0,0.9999999999,0.0
"What are the responsibilities of the data controller regarding personal data protection as outlined in the Nghị định, and what rights do data subjects have?","['[\'Đoạn văn nằm trong Chương V của tài liệu ""Nghi_dinh_so_13-2023_ve_bao_ve_du_lieu_ca_nhan"" và nói về trách nhiệm của Bên Kiểm soát dữ liệu cá nhân trong việc bảo vệ dữ liệu cá nhân.\\n\\ndữ liệu cá nhân.\\n\\n---\\n\\n## Chương V: Trách nhiệm bảo vệ dữ liệu cá nhân\\n\\n### Điều 26. Trách nhiệm của Bên Kiểm soát dữ liệu cá nhân\\n\\nBên Kiểm soát dữ liệu cá nhân có trách nhiệm thực hiện các quy định tại Nghị định này và pháp luật có liên quan đến bảo vệ d\', \'Đoạn văn nằm trong phần ""Điều 10. Nghĩa vụ của chủ thể dữ liệu"" của tài liệu Nghị định số 13/2023 về bảo vệ dữ liệu cá nhân, nói về nghĩa vụ của chủ thể dữ liệu trong việc tự bảo vệ thông tin cá nhân.\\n\\nữ liệu được tự bảo vệ theo quy định của Bộ luật Dân sự, luật khác có liên quan.\\n\\n### Điều 10. Nghĩa vụ của chủ thể dữ liệu\\n\\nTự bảo vệ dữ liệu cá nhân của mình; yêu cầu các tổ chức, cá nhân khác có liên quan bảo vệ dữ liệu cá nhân của mình.\\n\\nTôn trọng và bả\', \'Đoạn văn này nằm trong tài liệu ""Nghi_dinh_so_13-2023_ve_bao_ve_du_lieu_ca_nhan_508ee.md"" và nói về các điều khoản liên quan đến việc bảo vệ dữ liệu cá nhân và quyền lợi hợp pháp trong việc xử lý dữ liệu.\\n\\no vệ tính mạng, sức khỏe của chủ thể dữ liệu hoặc người khác.\\n\\nĐáp ứng yêu cầu của nhiệm vụ thực hiện vì lợi ích công cộng, hoặc thực hiện quyền hạn nhà nước được giao.\\n\\nPhục vụ hoạt động của Bên Kiểm soát dữ liệu cá nhân vì lợi ích hợp pháp, trừ trường hợ\']']","Bên Kiểm soát dữ liệu cá nhân có trách nhiệm thực hiện các quy định tại Nghị định và pháp luật liên quan đến bảo vệ dữ liệu cá nhân. 

Chủ thể dữ liệu có nghĩa vụ tự bảo vệ dữ liệu cá nhân của mình và yêu cầu các tổ chức, cá nhân khác bảo vệ dữ liệu cá nhân của họ.","According to the Nghị định, the data controller has several responsibilities regarding personal data protection. They must implement the regulations set forth in the Nghị định and related laws, establish communication channels to address data subject rights within 72 hours, maintain system logs for investigations, allocate resources for data protection, and apply necessary technical measures. In case of a data breach, the data controller must notify the Ministry of Public Security within 72 hours of detection and take immediate remedial actions. Data subjects, on the other hand, have rights including the right to know about the processing of their personal data, the right to consent or withdraw consent for data processing, the right to access and request corrections to their data, the right to request deletion of their data, and the right to limit data processing, among others.",1.0,0.8714018554934687,0.9999999999,0.18181818181818182
Những nghĩa vụ nào của Bên Kiểm soát dữ liệu cá nhân được quy định trong Nghị định và quyền của chủ thể dữ liệu là gì?,"['[\'Đoạn văn này nằm trong tài liệu ""Nghi_dinh_so_13-2023_ve_bao_ve_du_lieu_ca_nhan_508ee.md"" và nói về các điều khoản liên quan đến việc bảo vệ dữ liệu cá nhân và quyền lợi hợp pháp trong việc xử lý dữ liệu.\\n\\no vệ tính mạng, sức khỏe của chủ thể dữ liệu hoặc người khác.\\n\\nĐáp ứng yêu cầu của nhiệm vụ thực hiện vì lợi ích công cộng, hoặc thực hiện quyền hạn nhà nước được giao.\\n\\nPhục vụ hoạt động của Bên Kiểm soát dữ liệu cá nhân vì lợi ích hợp pháp, trừ trường hợ\', \'Đoạn văn nằm trong Chương V của tài liệu ""Nghi_dinh_so_13-2023_ve_bao_ve_du_lieu_ca_nhan"" và nói về trách nhiệm của Bên Kiểm soát dữ liệu cá nhân trong việc bảo vệ dữ liệu cá nhân.\\n\\ndữ liệu cá nhân.\\n\\n---\\n\\n## Chương V: Trách nhiệm bảo vệ dữ liệu cá nhân\\n\\n### Điều 26. Trách nhiệm của Bên Kiểm soát dữ liệu cá nhân\\n\\nBên Kiểm soát dữ liệu cá nhân có trách nhiệm thực hiện các quy định tại Nghị định này và pháp luật có liên quan đến bảo vệ d\', \'Đoạn văn này nằm trong tài liệu ""Nghi_dinh_so_13-2023_ve_bao_ve_du_lieu_ca_nhan_508ee.md"" và nói về quyền của chủ thể dữ liệu trong việc yêu cầu và phản đối xử lý dữ liệu cá nhân.\\n\\n*: Chủ thể dữ liệu được yêu cầu Bên Kiểm soát dữ liệu cá nhân cung cấp cho mình dữ liệu cá nhân của mình, trừ trường hợp luật có quy định khác.\\n\\n**Quyền phản đối xử lý dữ liệu**: Chủ thể dữ liệu được phản đối Bên Kiểm soát dữ liệu cá nhân, Bên Xử lý dữ liệ\']']","Bên Kiểm soát dữ liệu cá nhân có trách nhiệm thực hiện các quy định tại Nghị định và pháp luật liên quan đến bảo vệ dữ liệu cá nhân. 

Quyền của chủ thể dữ liệu bao gồm: yêu cầu Bên Kiểm soát dữ liệu cá nhân cung cấp dữ liệu cá nhân của mình và quyền phản đối việc xử lý dữ liệu cá nhân.","Bên Kiểm soát dữ liệu cá nhân có trách nhiệm thực hiện các quy định tại Nghị định này, bao gồm việc thiết lập kênh thông tin để thực hiện các yêu cầu liên quan đến quyền của chủ thể dữ liệu trong vòng 72 giờ, ghi chép và lưu trữ nhật ký hệ thống phục vụ điều tra, và thông báo cho Bộ Công an trong vòng 72 giờ khi xảy ra vi phạm dữ liệu cá nhân. Về quyền của chủ thể dữ liệu, họ được bảo đảm các quyền như quyền được biết về hoạt động xử lý dữ liệu cá nhân của mình, quyền đồng ý cho phép xử lý dữ liệu cá nhân, quyền truy cập để xem và chỉnh sửa dữ liệu cá nhân, quyền rút lại sự đồng ý, quyền xóa dữ liệu, và quyền phản đối xử lý dữ liệu cá nhân.",1.0,0.8038226087287701,0.9999999999,1.0
What are the responsibilities of the data controller regarding personal data protection as outlined in the Nghị định?,"['Đoạn văn nằm trong Chương V của tài liệu ""Nghi_dinh_so_13-2023_ve_bao_ve_du_lieu_ca_nhan_508ee.md"" và nói về trách nhiệm của Bên Kiểm soát dữ liệu cá nhân trong việc bảo vệ dữ liệu cá nhân.\n\ndữ liệu cá nhân.\n\n---\n\n## Chương V: Trách nhiệm bảo vệ dữ liệu cá nhân\n\n### Điều 26. Trách nhiệm của Bên Kiểm soát dữ liệu cá nhân\n\nBên Kiểm soát dữ liệu cá nhân có trách nhiệm thực hiện các quy định tại Nghị định này và pháp luật có liên quan đến bảo vệ d', 'Đoạn văn này nằm trong tài liệu Nghị định số 13/2023 về bảo vệ dữ liệu cá nhân và nói về các yêu cầu và biện pháp bảo vệ dữ liệu cá nhân.\n\nữ liệu cá nhân.\n\nThiết lập kênh thông tin để thực hiện các yêu cầu liên quan đến quyền của chủ thể dữ liệu trong vòng 72 giờ.\n\nGhi chép, lưu trữ nhật ký hệ thống phục vụ điều tra, xử lý sự cố.\n\nBố trí nguồn lực bảo vệ dữ liệu cá nhân.\n\nÁp dụng các biện phá', 'Đoạn văn này nằm trong tài liệu ""Nghi_dinh_so_13-2023_ve_bao_ve_du_lieu_ca_nhan_508ee.md"" và nói về các quy định liên quan đến bảo vệ dữ liệu cá nhân trong bối cảnh bảo vệ lợi ích công cộng và quyền hạn của nhà nước.\n\no vệ tính mạng, sức khỏe của chủ thể dữ liệu hoặc người khác.\n\nĐáp ứng yêu cầu của nhiệm vụ thực hiện vì lợi ích công cộng, hoặc thực hiện quyền hạn nhà nước được giao.\n\nPhục vụ hoạt động của Bên Kiểm soát dữ liệu cá nhân vì lợi ích hợp pháp, trừ trường hợ']","Bên Kiểm soát dữ liệu cá nhân có trách nhiệm thực hiện các quy định tại Nghị định, thiết lập kênh thông tin để thực hiện yêu cầu quyền của chủ thể dữ liệu trong vòng 72 giờ, ghi chép và lưu trữ nhật ký hệ thống phục vụ điều tra, xử lý sự cố, bố trí nguồn lực bảo vệ dữ liệu cá nhân, và áp dụng các biện pháp bảo vệ tính mạng, sức khỏe của chủ thể dữ liệu hoặc người khác.","The responsibilities of the data controller regarding personal data protection, as outlined in the Nghị định, include implementing the regulations of the Nghị định and related laws, establishing communication channels to address data subject rights within 72 hours, maintaining system logs for investigation and incident handling, allocating resources for personal data protection, applying necessary technical and technological measures to safeguard personal data, and notifying the Ministry of Public Security within 72 hours of discovering any personal data breach while taking immediate corrective actions.",1.0,0.8872561436955809,0.9999999999666667,0.6666666666666666
"What are the responsibilities of the data controller regarding personal data protection as outlined in the regulations, and what conditions must be met for processing sensitive personal data?","['Đoạn văn nằm trong Chương V của tài liệu ""Nghi_dinh_so_13-2023_ve_bao_ve_du_lieu_ca_nhan_508ee.md"" và nói về trách nhiệm của Bên Kiểm soát dữ liệu cá nhân trong việc bảo vệ dữ liệu cá nhân.\n\ndữ liệu cá nhân.\n\n---\n\n## Chương V: Trách nhiệm bảo vệ dữ liệu cá nhân\n\n### Điều 26. Trách nhiệm của Bên Kiểm soát dữ liệu cá nhân\n\nBên Kiểm soát dữ liệu cá nhân có trách nhiệm thực hiện các quy định tại Nghị định này và pháp luật có liên quan đến bảo vệ d', 'Đoạn văn nằm trong phần ""Điều 15. Điều kiện xử lý dữ liệu cá nhân"" của tài liệu Nghị định số 13/2023 về bảo vệ dữ liệu cá nhân, nói về việc thông báo và bảo vệ dữ liệu cá nhân nhạy cảm.\n\nà thông báo cho chủ thể dữ liệu biết đây là loại dữ liệu nhạy cảm.\n\nDữ liệu cá nhân nhạy cảm phải được áp dụng các biện pháp bảo vệ cao hơn so với dữ liệu cá nhân thông thường.\n\n### Điều 15. Điều kiện xử lý dữ liệu cá nhân\n\nViệc xử lý dữ liệu cá nhân được', 'Đoạn văn này nằm trong tài liệu ""Nghi_dinh_so_13-2023_ve_bao_ve_du_lieu_ca_nhan_508ee.md"" và nói về các quy định liên quan đến bảo vệ dữ liệu cá nhân trong bối cảnh bảo vệ lợi ích công cộng và quyền hạn của nhà nước.\n\no vệ tính mạng, sức khỏe của chủ thể dữ liệu hoặc người khác.\n\nĐáp ứng yêu cầu của nhiệm vụ thực hiện vì lợi ích công cộng, hoặc thực hiện quyền hạn nhà nước được giao.\n\nPhục vụ hoạt động của Bên Kiểm soát dữ liệu cá nhân vì lợi ích hợp pháp, trừ trường hợ']","Bên Kiểm soát dữ liệu cá nhân có trách nhiệm thực hiện các quy định tại Nghị định và pháp luật liên quan đến bảo vệ dữ liệu cá nhân. Đối với dữ liệu cá nhân nhạy cảm, phải thông báo cho chủ thể dữ liệu biết đây là loại dữ liệu nhạy cảm và áp dụng các biện pháp bảo vệ cao hơn so với dữ liệu cá nhân thông thường.","The responsibilities of the data controller regarding personal data protection, as outlined in the regulations, include implementing the provisions of the decree and related laws, establishing communication channels to address data subject rights within 72 hours, maintaining system logs for investigation and incident handling, allocating resources for data protection, and applying necessary technical measures to safeguard personal data. In the event of a personal data breach, the data controller must notify the Ministry of Public Security within 72 hours of discovering the breach and take immediate remedial actions. For processing sensitive personal data, the data controller must obtain the consent of the data subject, except in cases specified in Article 17 of the decree, and must inform the data subject that the data being processed is sensitive. Additionally, higher protection measures must be applied to sensitive personal data compared to regular personal data.",1.0,0.9140839016431171,0.9999999999666667,0.75
